Workbook

Sheet PARTIDOS
B2: 46184 | C2: MÉXICO | D2: SUDAFRICA | E2: PUNTOS | G2: 46184 | H2: COREA SUR | I2: R. CHECA | J2: PUNTOS | L2: 12 de junio de 2026 | M2: CANADA | N2: BOSNIA | O2: PUNTOS | R2: EEUU | S2: PARAGUAY | T2: PUNTOS | W2: CATAR | X2: SUIZA | Y2: PUNTOS | AB2: BRASIL | AC2: MARRUECOS | AD2: PUNTOS | AG2: HAITI | AH2: ESCOCIA | AI2: PUNTOS | AL2: AUTRALIA | AM2: TURQUIA | AN2: PUNTOS | AQ2: ALEMANIA | AR2: CURAZAO | AS2: PUNTOS | AV2: HOLANDA | AW2: JAPON | AX2: PUNTOS | BA2: COSTA MARF | BB2: ECUADOR | BC2: PUNTOS | BF2: SUECIA | BG2: TUNEZ | BH2: PUNTOS | BK2: ESPAÑA | BL2: C. VERDE | BM2: PUNTOS | BP2: BELGICA | BQ2: EGIPTO | BR2: PUNTOS | BU2: ARABIA SAU | BV2: URUGUAY | BW2: PUNTOS | BZ2: IRAN | CA2: N. ZELANDA | CB2: PUNTOS | CE2: FRANCIA | CF2: SENEGAL | CG2: PUNTOS | CJ2: IRAK | CK2: NORUEGA | CL2: PUNTOS | CO2: ARGENTINA | CP2: ARGELIA | CQ2: PUNTOS | CT2: AUSTRALIA | CU2: JORDANIA | CV2: PUNTOS | CY2: PORTUGAL | CZ2: CONGO | DA2: PUNTOS | DD2: INGLATERRA | DE2: CROACIA | DF2: PUNTOS | DI2: GHANA | DJ2: PANAMA | DK2: PUNTOS | DN2: UZBEKISTAN | DO2: COLOMBIA | DP2: PUNTOS | DS2: REPUBLICA C | DT2: S. AFRICA | DU2: PUNTOS | DX2: SUIZA | DY2: BOSNIA | DZ2: PUNTOS | EC2: CANADA | ED2: CATAR | EE2: PUNTOS | EH2: MEXICO | EI2: COREA SUR | EJ2: PUNTOS | EM2: EEUU | EN2: AUSTRALIA | EO2: PUNTOS | ER2: ESCOCIA | ES2: MARRUECOS | ET2: PUNTOS | EW2: BRASIL | EX2: HAITÍ | EY2: PUNTOS | FB2: TURQUÍA | FC2: PARAGUAY | FD2: PUNTOS | FG2: HOLANDA | FH2: SUECIA | FI2: PUNTOS | FL2: ALEMANIA | FM2: CASTA MAR | FN2: PUNTOS | FQ2: ECUADOR | FR2: CURAZAO | FS2: PUNTOS | FV2: TÚNEZ | FW2: JAPÓN | FX2: PUNTOS | GA2: ESPAÑA | GB2: ARABIA SAU | GC2: PUNTOS | GF2: BÉLGICA | GG2: IRAN | GH2: PUNTOS | GK2: URUGUAY | GL2: C. VERDE | GM2: PUNTOS | GP2: N. ZELANDA | GQ2: EGIPTO | GR2: PUNTOS | GU2: ARGENTINA | GV2: AUSTRALIA | GW2: PUNTOS | GZ2: FRANCIA | HA2: IRAK | HB2: PUNTOS | HE2: NORUEGA | HF2: SENEGAL | HG2: PUNTOS | HJ2: JORDANIA | HK2: ARGELIA | HL2: PUNTOS | HO2: PORTUGAL | HP2: UZBEKISTÁN | HQ2: PUNTOS | HT2: INGLATERRA | HU2: GHANA | HV2: PUNTOS | HY2: PANAMA | HZ2: CROACIA | IA2: PUNTOS | ID2: COLOMBIA | IE2: CONGO | IF2: PUNTOS | II2: SUIZA | IJ2: CANADA | IK2: PUNTOS | IN2: BOSNIA | IO2: CATAR | IP2: PUNTOS | IS2: MARRUECOS | IT2: HAITÍ | IU2: PUNTOS | IX2: ESCOCIA | IY2: BRASIL | IZ2: PUNTOS | JC2: S. AFRICA | JD2: COREA S | JE2: PUNTOS | JH2: R. CHECA | JI2: MEXICO | JJ2: PUNTOS | JM2: CORAZAO | JN2: COSTA MA | JO2: PUNTOS | JR2: ECUADOR | JS2: ALEMANIA | JT2: PUNTOS | JW2: TUNEZ | JX2: HOLANDA | JY2: PUNTOS | KB2: JAPON | KC2: SUECIA | KD2: PUNTOS | KG2: TURQUIA | KH2: EEUU | KI2: PUNTOS | KL2: PARAGUAY | KM2: AUSTRALIA | KN2: PUNTOS | KQ2: NORUEGA | KR2: FRANCIA | KS2: PUNTOS | KV2: SENEGAL | KW2: IRAK | KX2: PUNTOS | LA2: C. VERDE | LB2: ARABIA SAU | LC2: PUNTOS | LF2: URUGUAY | LG2: ESPAÑA | LH2: PUNTOS | LK2: N. ZELANDA | LL2: BELGICA | LM2: PUNTOS | LP2: EGIPTO | LQ2: IRAN | LR2: PUNTOS | LU2: PANAMA | LV2: INGLATERRA | LW2: PUNTOS | LZ2: CROACIA | MA2: GHANA | MB2: PUNTOS | ME2: COLOMBIA | MF2: PORTUGAL | MG2: PUNTOS | MJ2: CONGO | MK2: UZBEKISTAN | ML2: PUNTOS | MO2: ARGELIA | MP2: AUSTRIA | MQ2: PUNTOS | MT2: JORDANIA | MU2: ARGENTINA | MV2: PUNTOS | MY2: CAMPEON | MZ2: puntos | NA2: SEGUNDO | NB2: puntos | NC2: TERCERO | ND2: puntos | NE2: CUARTO | NF2: puntos | NG2: GOLEADOR | NH2: puntos | NI2: TOTAL
C3: 2 | D3: 0 | H3: 2 | I3: 1 | M3: 1 | N3: 1 | R3: 4 | S3: 1 | W3: 1 | X3: 1 | AB3: 1 | AC3: 1
A4: 1 | B4: RUBELIO MEJIA | C4: 2 | D4: 1 | E4: =IF(OR(C$3="",D$3="",C4="",D4=""), "", IF(AND(C$3=C4,D$3=D4), 3, IF(AND(C$3=D$3,C4=D4), 2, IF(OR(AND(C$3>D$3,C4>D4), AND(C$3<D$3,C4<D4)), 1, 0)))) -> 1 | G4: RUBELIO MEJIA | H4: 2 | I4: 2 | J4: =IF(OR(H$3="",I$3="",H4="",I4=""), "", IF(AND(H$3=H4,I$3=I4), 3, IF(AND(H$3=I$3,H4=I4), 2, IF(OR(AND(H$3>I$3,H4>I4), AND(H$3<I$3,H4<I4)), 1, 0)))) -> 0 | L4: RUBELIO MEJIA | M4: 1 | N4: 1 | O4: =IF(OR(M$3="",N$3="",M4="",N4=""), "", IF(AND(M$3=M4,N$3=N4), 3, IF(AND(M$3=N$3,M4=N4), 2, IF(OR(AND(M$3>N$3,M4>N4), AND(M$3<N$3,M4<N4)), 1, 0)))) -> 3 | Q4: RUBELIO MEJIA | R4: 1 | S4: 1 | T4: =IF(OR(R$3="",S$3="",R4="",S4=""), "", IF(AND(R$3=R4,S$3=S4), 3, IF(AND(R$3=S$3,R4=S4), 2, IF(OR(AND(R$3>S$3,R4>S4), AND(R$3<S$3,R4<S4)), 1, 0)))) -> 0 | V4: RUBELIO MEJIA | W4: 1 | X4: 3 | Y4: =IF(OR(W$3="",X$3="",W4="",X4=""), "", IF(AND(W$3=W4,X$3=X4), 3, IF(AND(W$3=X$3,W4=X4), 2, IF(OR(AND(W$3>X$3,W4>X4), AND(W$3<X$3,W4<X4)), 1, 0)))) -> 0 | AA4: RUBELIO MEJIA | AB4: 3 | AC4: 1 | AD4: =IF(OR(AB$3="",AC$3="",AB4="",AC4=""), "", IF(AND(AB$3=AB4,AC$3=AC4), 3, IF(AND(AB$3=AC$3,AB4=AC4), 2, IF(OR(AND(AB$3>AC$3,AB4>AC4), AND(AB$3<AC$3,AB4<AC4)), 1, 0)))) -> 0 | AF4: RUBELIO MEJIA | AG4: 0 | AH4: 2 | AI4: =IF(OR(AG$3="",AH$3="",AG4="",AH4=""), "", IF(AND(AG$3=AG4,AH$3=AH4), 3, IF(AND(AG$3=AH$3,AG4=AH4), 2, IF(OR(AND(AG$3>AH$3,AG4>AH4), AND(AG$3<AH$3,AG4<AH4)), 1, 0)))) | AK4: RUBELIO MEJIA | AL4: 1 | AM4: 3 | AN4: =IF(OR(AL$3="",AM$3="",AL4="",AM4=""), "", IF(AND(AL$3=AL4,AM$3=AM4), 3, IF(AND(AL$3=AM$3,AL4=AM4), 2, IF(OR(AND(AL$3>AM$3,AL4>AM4), AND(AL$3<AM$3,AL4<AM4)), 1, 0)))) | AP4: RUBELIO MEJIA | AQ4: 4 | AR4: 0 | AS4: =IF(OR(AQ$3="",AR$3="",AQ4="",AR4=""), "", IF(AND(AQ$3=AQ4,AR$3=AR4), 3, IF(AND(AQ$3=AR$3,AQ4=AR4), 2, IF(OR(AND(AQ$3>AR$3,AQ4>AR4), AND(AQ$3<AR$3,AQ4<AR4)), 1, 0)))) | AU4: RUBELIO MEJIA | AV4: 3 | AW4: 1 | AX4: =IF(OR(AV$3="",AW$3="",AV4="",AW4=""), "", IF(AND(AV$3=AV4,AW$3=AW4), 3, IF(AND(AV$3=AW$3,AV4=AW4), 2, IF(OR(AND(AV$3>AW$3,AV4>AW4), AND(AV$3<AW$3,AV4<AW4)), 1, 0)))) | AZ4: RUBELIO MEJIA | BA4: 1 | BB4: 1 | BC4: =IF(OR(BA$3="",BB$3="",BA4="",BB4=""), "", IF(AND(BA$3=BA4,BB$3=BB4), 3, IF(AND(BA$3=BB$3,BA4=BB4), 2, IF(OR(AND(BA$3>BB$3,BA4>BB4), AND(BA$3<BB$3,BA4<BB4)), 1, 0)))) | BE4: RUBELIO MEJIA | BF4: 2 | BG4: 1 | BH4: =IF(OR(BF$3="",BG$3="",BF4="",BG4=""), "", IF(AND(BF$3=BF4,BG$3=BG4), 3, IF(AND(BF$3=BG$3,BF4=BG4), 2, IF(OR(AND(BF$3>BG$3,BF4>BG4), AND(BF$3<BG$3,BF4<BG4)), 1, 0)))) | BJ4: RUBELIO MEJIA | BK4: 4 | BL4: 1 | BM4: =IF(OR(BK$3="",BL$3="",BK4="",BL4=""), "", IF(AND(BK$3=BK4,BL$3=BL4), 3, IF(AND(BK$3=BL$3,BK4=BL4), 2, IF(OR(AND(BK$3>BL$3,BK4>BL4), AND(BK$3<BL$3,BK4<BL4)), 1, 0)))) | BO4: RUBELIO MEJIA | BP4: 3 | BQ4: 1 | BR4: =IF(OR(BP$3="",BQ$3="",BP4="",BQ4=""), "", IF(AND(BP$3=BP4,BQ$3=BQ4), 3, IF(AND(BP$3=BQ$3,BP4=BQ4), 2, IF(OR(AND(BP$3>BQ$3,BP4>BQ4), AND(BP$3<BQ$3,BP4<BQ4)), 1, 0)))) | BT4: RUBELIO MEJIA | BU4: 0 | BV4: 2 | BW4: =IF(OR(BU$3="",BV$3="",BU4="",BV4=""), "", IF(AND(BU$3=BU4,BV$3=BV4), 3, IF(AND(BU$3=BV$3,BU4=BV4), 2, IF(OR(AND(BU$3>BV$3,BU4>BV4), AND(BU$3<BV$3,BU4<BV4)), 1, 0)))) | BY4: RUBELIO MEJIA | BZ4: 2 | CA4: 0 | CB4: =IF(OR(BZ$3="",CA$3="",BZ4="",CA4=""), "", IF(AND(BZ$3=BZ4,CA$3=CA4), 3, IF(AND(BZ$3=CA$3,BZ4=CA4), 2, IF(OR(AND(BZ$3>CA$3,BZ4>CA4), AND(BZ$3<CA$3,BZ4<CA4)), 1, 0)))) | CD4: RUBELIO MEJIA | CE4: 3 | CF4: 1 | CG4: =IF(OR(CE$3="",CF$3="",CE4="",CF4=""), "", IF(AND(CE$3=CE4,CF$3=CF4), 3, IF(AND(CE$3=CF$3,CE4=CF4), 2, IF(OR(AND(CE$3>CF$3,CE4>CF4), AND(CE$3<CF$3,CE4<CF4)), 1, 0)))) | CI4: RUBELIO MEJIA | CJ4: 1 | CK4: 3 | CL4: =IF(OR(CJ$3="",CK$3="",CJ4="",CK4=""), "", IF(AND(CJ$3=CJ4,CK$3=CK4), 3, IF(AND(CJ$3=CK$3,CJ4=CK4), 2, IF(OR(AND(CJ$3>CK$3,CJ4>CK4), AND(CJ$3<CK$3,CJ4<CK4)), 1, 0)))) | CN4: RUBELIO MEJIA | CO4: 3 | CP4: 1 | CQ4: =IF(OR(CO$3="",CP$3="",CO4="",CP4=""), "", IF(AND(CO$3=CO4,CP$3=CP4), 3, IF(AND(CO$3=CP$3,CO4=CP4), 2, IF(OR(AND(CO$3>CP$3,CO4>CP4), AND(CO$3<CP$3,CO4<CP4)), 1, 0)))) | CS4: RUBELIO MEJIA | CT4: 2 | CU4: 0 | CV4: =IF(OR(CT$3="",CU$3="",CT4="",CU4=""), "", IF(AND(CT$3=CT4,CU$3=CU4), 3, IF(AND(CT$3=CU$3,CT4=CU4), 2, IF(OR(AND(CT$3>CU$3,CT4>CU4), AND(CT$3<CU$3,CT4<CU4)), 1, 0)))) | CX4: RUBELIO MEJIA | CY4: 3 | CZ4: 1 | DA4: =IF(OR(CY$3="",CZ$3="",CY4="",CZ4=""), "", IF(AND(CY$3=CY4,CZ$3=CZ4), 3, IF(AND(CY$3=CZ$3,CY4=CZ4), 2, IF(OR(AND(CY$3>CZ$3,CY4>CZ4), AND(CY$3<CZ$3,CY4<CZ4)), 1, 0)))) | DC4: RUBELIO MEJIA | DD4: 2 | DE4: 1 | DF4: =IF(OR(DD$3="",DE$3="",DD4="",DE4=""), "", IF(AND(DD$3=DD4,DE$3=DE4), 3, IF(AND(DD$3=DE$3,DD4=DE4), 2, IF(OR(AND(DD$3>DE$3,DD4>DE4), AND(DD$3<DE$3,DD4<DE4)), 1, 0)))) | DH4: RUBELIO MEJIA | DI4: 2 | DJ4: 0 | DK4: =IF(OR(DI$3="",DJ$3="",DI4="",DJ4=""), "", IF(AND(DI$3=DI4,DJ$3=DJ4), 3, IF(AND(DI$3=DJ$3,DI4=DJ4), 2, IF(OR(AND(DI$3>DJ$3,DI4>DJ4), AND(DI$3<DJ$3,DI4<DJ4)), 1, 0)))) | DM4: RUBELIO MEJIA | DN4: 0 | DO4: 3 | DP4: =IF(OR(DN$3="",DO$3="",DN4="",DO4=""), "", IF(AND(DN$3=DN4,DO$3=DO4), 3, IF(AND(DN$3=DO$3,DN4=DO4), 2, IF(OR(AND(DN$3>DO$3,DN4>DO4), AND(DN$3<DO$3,DN4<DO4)), 1, 0)))) | DR4: RUBELIO MEJIA | DS4: 2 | DT4: 1 | DU4: =IF(OR(DS$3="",DT$3="",DS4="",DT4=""), "", IF(AND(DS$3=DS4,DT$3=DT4), 3, IF(AND(DS$3=DT$3,DS4=DT4), 2, IF(OR(AND(DS$3>DT$3,DS4>DT4), AND(DS$3<DT$3,DS4<DT4)), 1, 0)))) | DW4: RUBELIO MEJIA | DX4: 2 | DY4: 1 | DZ4: =IF(OR(DX$3="",DY$3="",DX4="",DY4=""), "", IF(AND(DX$3=DX4,DY$3=DY4), 3, IF(AND(DX$3=DY$3,DX4=DY4), 2, IF(OR(AND(DX$3>DY$3,DX4>DY4), AND(DX$3<DY$3,DX4<DY4)), 1, 0)))) | EB4: RUBELIO MEJIA | EC4: 2 | ED4: 1 | EE4: =IF(OR(EC$3="",ED$3="",EC4="",ED4=""), "", IF(AND(EC$3=EC4,ED$3=ED4), 3, IF(AND(EC$3=ED$3,EC4=ED4), 2, IF(OR(AND(EC$3>ED$3,EC4>ED4), AND(EC$3<ED$3,EC4<ED4)), 1, 0)))) | EG4: RUBELIO MEJIA | EH4: 2 | EI4: 1 | EJ4: =IF(OR(EH$3="",EI$3="",EH4="",EI4=""), "", IF(AND(EH$3=EH4,EI$3=EI4), 3, IF(AND(EH$3=EI$3,EH4=EI4), 2, IF(OR(AND(EH$3>EI$3,EH4>EI4), AND(EH$3<EI$3,EH4<EI4)), 1, 0)))) | EL4: RUBELIO MEJIA | EM4: 2 | EN4: 0 | EO4: =IF(OR(EM$3="",EN$3="",EM4="",EN4=""), "", IF(AND(EM$3=EM4,EN$3=EN4), 3, IF(AND(EM$3=EN$3,EM4=EN4), 2, IF(OR(AND(EM$3>EN$3,EM4>EN4), AND(EM$3<EN$3,EM4<EN4)), 1, 0)))) | EQ4: RUBELIO MEJIA | ER4: 1 | ES4: 1 | ET4: =IF(OR(ER$3="",ES$3="",ER4="",ES4=""), "", IF(AND(ER$3=ER4,ES$3=ES4), 3, IF(AND(ER$3=ES$3,ER4=ES4), 2, IF(OR(AND(ER$3>ES$3,ER4>ES4), AND(ER$3<ES$3,ER4<ES4)), 1, 0)))) | EV4: RUBELIO MEJIA | EW4: 4 | EX4: 0 | EY4: =IF(OR(EW$3="",EX$3="",EW4="",EX4=""), "", IF(AND(EW$3=EW4,EX$3=EX4), 3, IF(AND(EW$3=EX$3,EW4=EX4), 2, IF(OR(AND(EW$3>EX$3,EW4>EX4), AND(EW$3<EX$3,EW4<EX4)), 1, 0)))) | FA4: RUBELIO MEJIA | FB4: 1 | FC4: 1 | FD4: =IF(OR(FB$3="",FC$3="",FB4="",FC4=""), "", IF(AND(FB$3=FB4,FC$3=FC4), 3, IF(AND(FB$3=FC$3,FB4=FC4), 2, IF(OR(AND(FB$3>FC$3,FB4>FC4), AND(FB$3<FC$3,FB4<FC4)), 1, 0)))) | FF4: RUBELIO MEJIA | FG4: 2 | FH4: 1 | FI4: =IF(OR(FG$3="",FH$3="",FG4="",FH4=""), "", IF(AND(FG$3=FG4,FH$3=FH4), 3, IF(AND(FG$3=FH$3,FG4=FH4), 2, IF(OR(AND(FG$3>FH$3,FG4>FH4), AND(FG$3<FH$3,FG4<FH4)), 1, 0)))) | FK4: RUBELIO MEJIA | FL4: 3 | FM4: 1 | FN4: =IF(OR(FL$3="",FM$3="",FL4="",FM4=""), "", IF(AND(FL$3=FL4,FM$3=FM4), 3, IF(AND(FL$3=FM$3,FL4=FM4), 2, IF(OR(AND(FL$3>FM$3,FL4>FM4), AND(FL$3<FM$3,FL4<FM4)), 1, 0)))) | FP4: RUBELIO MEJIA | FQ4: 2 | FR4: 0 | FS4: =IF(OR(FQ$3="",FR$3="",FQ4="",FR4=""), "", IF(AND(FQ$3=FQ4,FR$3=FR4), 3, IF(AND(FQ$3=FR$3,FQ4=FR4), 2, IF(OR(AND(FQ$3>FR$3,FQ4>FR4), AND(FQ$3<FR$3,FQ4<FR4)), 1, 0)))) | FU4: RUBELIO MEJIA | FV4: 2 | FW4: 2 | FX4: =IF(OR(FV$3="",FW$3="",FV4="",FW4=""), "", IF(AND(FV$3=FV4,FW$3=FW4), 3, IF(AND(FV$3=FW$3,FV4=FW4), 2, IF(OR(AND(FV$3>FW$3,FV4>FW4), AND(FV$3<FW$3,FV4<FW4)), 1, 0)))) | FZ4: RUBELIO MEJIA | GA4: 3 | GB4: 0 | GC4: =IF(OR(GA$3="",GB$3="",GA4="",GB4=""), "", IF(AND(GA$3=GA4,GB$3=GB4), 3, IF(AND(GA$3=GB$3,GA4=GB4), 2, IF(OR(AND(GA$3>GB$3,GA4>GB4), AND(GA$3<GB$3,GA4<GB4)), 1, 0)))) | GE4: RUBELIO MEJIA | GF4: 2 | GG4: 1 | GH4: =IF(OR(GF$3="",GG$3="",GF4="",GG4=""), "", IF(AND(GF$3=GF4,GG$3=GG4), 3, IF(AND(GF$3=GG$3,GF4=GG4), 2, IF(OR(AND(GF$3>GG$3,GF4>GG4), AND(GF$3<GG$3,GF4<GG4)), 1, 0)))) | GJ4: RUBELIO MEJIA | GK4: 3 | GL4: 0 | GM4: =IF(OR(GK$3="",GL$3="",GK4="",GL4=""), "", IF(AND(GK$3=GK4,GL$3=GL4), 3, IF(AND(GK$3=GL$3,GK4=GL4), 2, IF(OR(AND(GK$3>GL$3,GK4>GL4), AND(GK$3<GL$3,GK4<GL4)), 1, 0)))) | GO4: RUBELIO MEJIA | GP4: 0 | GQ4: 2 | GR4: =IF(OR(GP$3="",GQ$3="",GP4="",GQ4=""), "", IF(AND(GP$3=GP4,GQ$3=GQ4), 3, IF(AND(GP$3=GQ$3,GP4=GQ4), 2, IF(OR(AND(GP$3>GQ$3,GP4>GQ4), AND(GP$3<GQ$3,GP4<GQ4)), 1, 0)))) | GT4: RUBELIO MEJIA | GU4: 2 | GV4: 1 | GW4: =IF(OR(GU$3="",GV$3="",GU4="",GV4=""), "", IF(AND(GU$3=GU4,GV$3=GV4), 3, IF(AND(GU$3=GV$3,GU4=GV4), 2, IF(OR(AND(GU$3>GV$3,GU4>GV4), AND(GU$3<GV$3,GU4<GV4)), 1, 0)))) | GY4: RUBELIO MEJIA | GZ4: 4 | HA4: 0 | HB4: =IF(OR(GZ$3="",HA$3="",GZ4="",HA4=""), "", IF(AND(GZ$3=GZ4,HA$3=HA4), 3, IF(AND(GZ$3=HA$3,GZ4=HA4), 2, IF(OR(AND(GZ$3>HA$3,GZ4>HA4), AND(GZ$3<HA$3,GZ4<HA4)), 1, 0)))) | HD4: RUBELIO MEJIA | HE4: 2 | HF4: 2 | HG4: =IF(OR(HE$3="",HF$3="",HE4="",HF4=""), "", IF(AND(HE$3=HE4,HF$3=HF4), 3, IF(AND(HE$3=HF$3,HE4=HF4), 2, IF(OR(AND(HE$3>HF$3,HE4>HF4), AND(HE$3<HF$3,HE4<HF4)), 1, 0)))) | HI4: RUBELIO MEJIA | HJ4: 1 | HK4: 2 | HL4: =IF(OR(HJ$3="",HK$3="",HJ4="",HK4=""), "", IF(AND(HJ$3=HJ4,HK$3=HK4), 3, IF(AND(HJ$3=HK$3,HJ4=HK4), 2, IF(OR(AND(HJ$3>HK$3,HJ4>HK4), AND(HJ$3<HK$3,HJ4<HK4)), 1, 0)))) | HN4: RUBELIO MEJIA | HO4: 4 | HP4: 0 | HQ4: =IF(OR(HO$3="",HP$3="",HO4="",HP4=""), "", IF(AND(HO$3=HO4,HP$3=HP4), 3, IF(AND(HO$3=HP$3,HO4=HP4), 2, IF(OR(AND(HO$3>HP$3,HO4>HP4), AND(HO$3<HP$3,HO4<HP4)), 1, 0)))) | HS4: RUBELIO MEJIA | HT4: 2 | HU4: 1 | HV4: =IF(OR(HT$3="",HU$3="",HT4="",HU4=""), "", IF(AND(HT$3=HT4,HU$3=HU4), 3, IF(AND(HT$3=HU$3,HT4=HU4), 2, IF(OR(AND(HT$3>HU$3,HT4>HU4), AND(HT$3<HU$3,HT4<HU4)), 1, 0)))) | HX4: RUBELIO MEJIA | HY4: 0 | HZ4: 2 | IA4: =IF(OR(HY$3="",HZ$3="",HY4="",HZ4=""), "", IF(AND(HY$3=HY4,HZ$3=HZ4), 3, IF(AND(HY$3=HZ$3,HY4=HZ4), 2, IF(OR(AND(HY$3>HZ$3,HY4>HZ4), AND(HY$3<HZ$3,HY4<HZ4)), 1, 0)))) | IC4: RUBELIO MEJIA | ID4: 2 | IE4: 0 | IF4: =IF(OR(ID$3="",IE$3="",ID4="",IE4=""), "", IF(AND(ID$3=ID4,IE$3=IE4), 3, IF(AND(ID$3=IE$3,ID4=IE4), 2, IF(OR(AND(ID$3>IE$3,ID4>IE4), AND(ID$3<IE$3,ID4<IE4)), 1, 0)))) | IH4: RUBELIO MEJIA | II4: 2 | IJ4: 1 | IK4: =IF(OR(II$3="",IJ$3="",II4="",IJ4=""), "", IF(AND(II$3=II4,IJ$3=IJ4), 3, IF(AND(II$3=IJ$3,II4=IJ4), 2, IF(OR(AND(II$3>IJ$3,II4>IJ4), AND(II$3<IJ$3,II4<IJ4)), 1, 0)))) | IM4: RUBELIO MEJIA | IN4: 2 | IO4: 1 | IP4: =IF(OR(IN$3="",IO$3="",IN4="",IO4=""), "", IF(AND(IN$3=IN4,IO$3=IO4), 3, IF(AND(IN$3=IO$3,IN4=IO4), 2, IF(OR(AND(IN$3>IO$3,IN4>IO4), AND(IN$3<IO$3,IN4<IO4)), 1, 0)))) | IR4: RUBELIO MEJIA | IS4: 3 | IT4: 0 | IU4: =IF(OR(IS$3="",IT$3="",IS4="",IT4=""), "", IF(AND(IS$3=IS4,IT$3=IT4), 3, IF(AND(IS$3=IT$3,IS4=IT4), 2, IF(OR(AND(IS$3>IT$3,IS4>IT4), AND(IS$3<IT$3,IS4<IT4)), 1, 0)))) | IW4: RUBELIO MEJIA | IX4: 0 | IY4: 2 | IZ4: =IF(OR(IX$3="",IY$3="",IX4="",IY4=""), "", IF(AND(IX$3=IX4,IY$3=IY4), 3, IF(AND(IX$3=IY$3,IX4=IY4), 2, IF(OR(AND(IX$3>IY$3,IX4>IY4), AND(IX$3<IY$3,IX4<IY4)), 1, 0)))) | JB4: RUBELIO MEJIA | JC4: 1 | JD4: 2 | JE4: =IF(OR(JC$3="",JD$3="",JC4="",JD4=""), "", IF(AND(JC$3=JC4,JD$3=JD4), 3, IF(AND(JC$3=JD$3,JC4=JD4), 2, IF(OR(AND(JC$3>JD$3,JC4>JD4), AND(JC$3<JD$3,JC4<JD4)), 1, 0)))) | JG4: RUBELIO MEJIA | JH4: 1 | JI4: 1 | JJ4: =IF(OR(JH$3="",JI$3="",JH4="",JI4=""), "", IF(AND(JH$3=JH4,JI$3=JI4), 3, IF(AND(JH$3=JI$3,JH4=JI4), 2, IF(OR(AND(JH$3>JI$3,JH4>JI4), AND(JH$3<JI$3,JH4<JI4)), 1, 0)))) | JL4: RUBELIO MEJIA | JM4: 0 | JN4: 2 | JO4: =IF(OR(JM$3="",JN$3="",JM4="",JN4=""), "", IF(AND(JM$3=JM4,JN$3=JN4), 3, IF(AND(JM$3=JN$3,JM4=JN4), 2, IF(OR(AND(JM$3>JN$3,JM4>JN4), AND(JM$3<JN$3,JM4<JN4)), 1, 0)))) | JQ4: RUBELIO MEJIA | JR4: 1 | JS4: 3 | JT4: =IF(OR(JR$3="",JS$3="",JR4="",JS4=""), "", IF(AND(JR$3=JR4,JS$3=JS4), 3, IF(AND(JR$3=JS$3,JR4=JS4), 2, IF(OR(AND(JR$3>JS$3,JR4>JS4), AND(JR$3<JS$3,JR4<JS4)), 1, 0)))) | JV4: RUBELIO MEJIA | JW4: 1 | JX4: 2 | JY4: =IF(OR(JW$3="",JX$3="",JW4="",JX4=""), "", IF(AND(JW$3=JW4,JX$3=JX4), 3, IF(AND(JW$3=JX$3,JW4=JX4), 2, IF(OR(AND(JW$3>JX$3,JW4>JX4), AND(JW$3<JX$3,JW4<JX4)), 1, 0)))) | KA4: RUBELIO MEJIA | KB4: 1 | KC4: 1 | KD4: =IF(OR(KB$3="",KC$3="",KB4="",KC4=""), "", IF(AND(KB$3=KB4,KC$3=KC4), 3, IF(AND(KB$3=KC$3,KB4=KC4), 2, IF(OR(AND(KB$3>KC$3,KB4>KC4), AND(KB$3<KC$3,KB4<KC4)), 1, 0)))) | KF4: RUBELIO MEJIA | KG4: 1 | KH4: 1 | KI4: =IF(OR(KG$3="",KH$3="",KG4="",KH4=""), "", IF(AND(KG$3=KG4,KH$3=KH4), 3, IF(AND(KG$3=KH$3,KG4=KH4), 2, IF(OR(AND(KG$3>KH$3,KG4>KH4), AND(KG$3<KH$3,KG4<KH4)), 1, 0)))) | KK4: RUBELIO MEJIA | KL4: 2 | KM4: 0 | KN4: =IF(OR(KL$3="",KM$3="",KL4="",KM4=""), "", IF(AND(KL$3=KL4,KM$3=KM4), 3, IF(AND(KL$3=KM$3,KL4=KM4), 2, IF(OR(AND(KL$3>KM$3,KL4>KM4), AND(KL$3<KM$3,KL4<KM4)), 1, 0)))) | KP4: RUBELIO MEJIA | KQ4: 1 | KR4: 3 | KS4: =IF(OR(KQ$3="",KR$3="",KQ4="",KR4=""), "", IF(AND(KQ$3=KQ4,KR$3=KR4), 3, IF(AND(KQ$3=KR$3,KQ4=KR4), 2, IF(OR(AND(KQ$3>KR$3,KQ4>KR4), AND(KQ$3<KR$3,KQ4<KR4)), 1, 0)))) | KU4: RUBELIO MEJIA | KV4: 2 | KW4: 1 | KX4: =IF(OR(KV$3="",KW$3="",KV4="",KW4=""), "", IF(AND(KV$3=KV4,KW$3=KW4), 3, IF(AND(KV$3=KW$3,KV4=KW4), 2, IF(OR(AND(KV$3>KW$3,KV4>KW4), AND(KV$3<KW$3,KV4<KW4)), 1, 0)))) | KZ4: RUBELIO MEJIA | LA4: 1 | LB4: 1 | LC4: =IF(OR(LA$3="",LB$3="",LA4="",LB4=""), "", IF(AND(LA$3=LA4,LB$3=LB4), 3, IF(AND(LA$3=LB$3,LA4=LB4), 2, IF(OR(AND(LA$3>LB$3,LA4>LB4), AND(LA$3<LB$3,LA4<LB4)), 1, 0)))) | LE4: RUBELIO MEJIA | LF4: 1 | LG4: 2 | LH4: =IF(OR(LF$3="",LG$3="",LF4="",LG4=""), "", IF(AND(LF$3=LF4,LG$3=LG4), 3, IF(AND(LF$3=LG$3,LF4=LG4), 2, IF(OR(AND(LF$3>LG$3,LF4>LG4), AND(LF$3<LG$3,LF4<LG4)), 1, 0)))) | LJ4: RUBELIO MEJIA | LK4: 0 | LL4: 3 | LM4: =IF(OR(LK$3="",LL$3="",LK4="",LL4=""), "", IF(AND(LK$3=LK4,LL$3=LL4), 3, IF(AND(LK$3=LL$3,LK4=LL4), 2, IF(OR(AND(LK$3>LL$3,LK4>LL4), AND(LK$3<LL$3,LK4<LL4)), 1, 0)))) | LO4: RUBELIO MEJIA | LP4: 2 | LQ4: 2 | LR4: =IF(OR(LP$3="",LQ$3="",LP4="",LQ4=""), "", IF(AND(LP$3=LP4,LQ$3=LQ4), 3, IF(AND(LP$3=LQ$3,LP4=LQ4), 2, IF(OR(AND(LP$3>LQ$3,LP4>LQ4), AND(LP$3<LQ$3,LP4<LQ4)), 1, 0)))) | LT4: RUBELIO MEJIA | LU4: 0 | LV4: 3 | LW4: =IF(OR(LU$3="",LV$3="",LU4="",LV4=""), "", IF(AND(LU$3=LU4,LV$3=LV4), 3, IF(AND(LU$3=LV$3,LU4=LV4), 2, IF(OR(AND(LU$3>LV$3,LU4>LV4), AND(LU$3<LV$3,LU4<LV4)), 1, 0)))) | LY4: RUBELIO MEJIA | LZ4: 2 | MA4: 2 | MB4: =IF(OR(LZ$3="",MA$3="",LZ4="",MA4=""), "", IF(AND(LZ$3=LZ4,MA$3=MA4), 3, IF(AND(LZ$3=MA$3,LZ4=MA4), 2, IF(OR(AND(LZ$3>MA$3,LZ4>MA4), AND(LZ$3<MA$3,LZ4<MA4)), 1, 0)))) | MD4: RUBELIO MEJIA | ME4: 2 | MF4: 1 | MG4: =IF(OR(ME$3="",MF$3="",ME4="",MF4=""), "", IF(AND(ME$3=ME4,MF$3=MF4), 3, IF(AND(ME$3=MF$3,ME4=MF4), 2, IF(OR(AND(ME$3>MF$3,ME4>MF4), AND(ME$3<MF$3,ME4<MF4)), 1, 0)))) | MI4: RUBELIO MEJIA | MJ4: 2 | MK4: 1 | ML4: =IF(OR(MJ$3="",MK$3="",MJ4="",MK4=""), "", IF(AND(MJ$3=MJ4,MK$3=MK4), 3, IF(AND(MJ$3=MK$3,MJ4=MK4), 2, IF(OR(AND(MJ$3>MK$3,MJ4>MK4), AND(MJ$3<MK$3,MJ4<MK4)), 1, 0)))) | MN4: RUBELIO MEJIA | MO4: 1 | MP4: 2 | MQ4: =IF(OR(MO$3="",MP$3="",MO4="",MP4=""), "", IF(AND(MO$3=MO4,MP$3=MP4), 3, IF(AND(MO$3=MP$3,MO4=MP4), 2, IF(OR(AND(MO$3>MP$3,MO4>MP4), AND(MO$3<MP$3,MO4<MP4)), 1, 0)))) | MS4: RUBELIO MEJIA | MT4: 0 | MU4: 3 | MV4: =IF(OR(MT$3="",MU$3="",MT4="",MU4=""), "", IF(AND(MT$3=MT4,MU$3=MU4), 3, IF(AND(MT$3=MU$3,MT4=MU4), 2, IF(OR(AND(MT$3>MU$3,MT4>MU4), AND(MT$3<MU$3,MT4<MU4)), 1, 0)))) | MX4: RUBELIO MEJIA | MY4: FRANCIA | NA4: BRASIL | NC4: ESPAÑA | NE4: COLOMBIA | NG4: MICHAEL OLISSE | NI4: =SUM(E4,J4,O4,T4,Y4,AD4,AI4,AN4,AS4,AX4,BC4,BH4,BM4,BR4,,BW4,CB4,CG4,CL4,CQ4,CV4,DA4,DF4,DK4,DP4,DU4,DZ4,EE4,EJ4,EO4,ET4,EY4,FD4,FI4,FN4,FS4,FX4,GC4,GH4,GM4,GR4,GW4,HB4,HG4,HL4,HQ4,HV4,IA4,IF4,IK4,IP4,IU4,IZ4,JE4,JJ4,JO4,JT4,JY4,KD4,KI4,KN4,KS4,KX4,LC4,LH4,LM4,LR4,LW4,MB4,MG4,ML4,MQ4,MV4,MZ4,NB4,ND4,NF4,NH4,) -> 4
A5: 2 | B5: PABLO CARDENAS | C5: 2 | D5: 0 | E5: =IF(OR(C$3="",D$3="",C5="",D5=""), "", IF(AND(C$3=C5,D$3=D5), 3, IF(AND(C$3=D$3,C5=D5), 2, IF(OR(AND(C$3>D$3,C5>D5), AND(C$3<D$3,C5<D5)), 1, 0)))) -> 3 | G5: PABLO CARDENAS | H5: 2 | I5: 2 | J5: =IF(OR(H$3="",I$3="",H5="",I5=""), "", IF(AND(H$3=H5,I$3=I5), 3, IF(AND(H$3=I$3,H5=I5), 2, IF(OR(AND(H$3>I$3,H5>I5), AND(H$3<I$3,H5<I5)), 1, 0)))) -> 0 | L5: PABLO CARDENAS | M5: 1 | N5: 1 | O5: =IF(OR(M$3="",N$3="",M5="",N5=""), "", IF(AND(M$3=M5,N$3=N5), 3, IF(AND(M$3=N$3,M5=N5), 2, IF(OR(AND(M$3>N$3,M5>N5), AND(M$3<N$3,M5<N5)), 1, 0)))) -> 3 | Q5: PABLO CARDENAS | R5: 2 | S5: 1 | T5: =IF(OR(R$3="",S$3="",R5="",S5=""), "", IF(AND(R$3=R5,S$3=S5), 3, IF(AND(R$3=S$3,R5=S5), 2, IF(OR(AND(R$3>S$3,R5>S5), AND(R$3<S$3,R5<S5)), 1, 0)))) -> 1 | V5: PABLO CARDENAS | W5: 0 | X5: 3 | Y5: =IF(OR(W$3="",X$3="",W5="",X5=""), "", IF(AND(W$3=W5,X$3=X5), 3, IF(AND(W$3=X$3,W5=X5), 2, IF(OR(AND(W$3>X$3,W5>X5), AND(W$3<X$3,W5<X5)), 1, 0)))) -> 0 | AA5: PABLO CARDENAS | AB5: 3 | AC5: 1 | AD5: =IF(OR(AB$3="",AC$3="",AB5="",AC5=""), "", IF(AND(AB$3=AB5,AC$3=AC5), 3, IF(AND(AB$3=AC$3,AB5=AC5), 2, IF(OR(AND(AB$3>AC$3,AB5>AC5), AND(AB$3<AC$3,AB5<AC5)), 1, 0)))) -> 0 | AF5: PABLO CARDENAS | AG5: 0 | AH5: 3 | AI5: =IF(OR(AG$3="",AH$3="",AG5="",AH5=""), "", IF(AND(AG$3=AG5,AH$3=AH5), 3, IF(AND(AG$3=AH$3,AG5=AH5), 2, IF(OR(AND(AG$3>AH$3,AG5>AH5), AND(AG$3<AH$3,AG5<AH5)), 1, 0)))) | AK5: PABLO CARDENAS | AL5: 1 | AM5: 2 | AN5: =IF(OR(AL$3="",AM$3="",AL5="",AM5=""), "", IF(AND(AL$3=AL5,AM$3=AM5), 3, IF(AND(AL$3=AM$3,AL5=AM5), 2, IF(OR(AND(AL$3>AM$3,AL5>AM5), AND(AL$3<AM$3,AL5<AM5)), 1, 0)))) | AP5: PABLO CARDENAS | AQ5: 4 | AR5: 0 | AS5: =IF(OR(AQ$3="",AR$3="",AQ5="",AR5=""), "", IF(AND(AQ$3=AQ5,AR$3=AR5), 3, IF(AND(AQ$3=AR$3,AQ5=AR5), 2, IF(OR(AND(AQ$3>AR$3,AQ5>AR5), AND(AQ$3<AR$3,AQ5<AR5)), 1, 0)))) | AU5: PABLO CARDENAS | AV5: 3 | AW5: 1 | AX5: =IF(OR(AV$3="",AW$3="",AV5="",AW5=""), "", IF(AND(AV$3=AV5,AW$3=AW5), 3, IF(AND(AV$3=AW$3,AV5=AW5), 2, IF(OR(AND(AV$3>AW$3,AV5>AW5), AND(AV$3<AW$3,AV5<AW5)), 1, 0)))) | AZ5: PABLO CARDENAS | BA5: 2 | BB5: 2 | BC5: =IF(OR(BA$3="",BB$3="",BA5="",BB5=""), "", IF(AND(BA$3=BA5,BB$3=BB5), 3, IF(AND(BA$3=BB$3,BA5=BB5), 2, IF(OR(AND(BA$3>BB$3,BA5>BB5), AND(BA$3<BB$3,BA5<BB5)), 1, 0)))) | BE5: PABLO CARDENAS | BF5: 2 | BG5: 0 | BH5: =IF(OR(BF$3="",BG$3="",BF5="",BG5=""), "", IF(AND(BF$3=BF5,BG$3=BG5), 3, IF(AND(BF$3=BG$3,BF5=BG5), 2, IF(OR(AND(BF$3>BG$3,BF5>BG5), AND(BF$3<BG$3,BF5<BG5)), 1, 0)))) | BJ5: PABLO CARDENAS | BK5: 5 | BL5: 0 | BM5: =IF(OR(BK$3="",BL$3="",BK5="",BL5=""), "", IF(AND(BK$3=BK5,BL$3=BL5), 3, IF(AND(BK$3=BL$3,BK5=BL5), 2, IF(OR(AND(BK$3>BL$3,BK5>BL5), AND(BK$3<BL$3,BK5<BL5)), 1, 0)))) | BO5: PABLO CARDENAS | BP5: 2 | BQ5: 1 | BR5: =IF(OR(BP$3="",BQ$3="",BP5="",BQ5=""), "", IF(AND(BP$3=BP5,BQ$3=BQ5), 3, IF(AND(BP$3=BQ$3,BP5=BQ5), 2, IF(OR(AND(BP$3>BQ$3,BP5>BQ5), AND(BP$3<BQ$3,BP5<BQ5)), 1, 0)))) | BT5: PABLO CARDENAS | BU5: 0 | BV5: 2 | BW5: =IF(OR(BU$3="",BV$3="",BU5="",BV5=""), "", IF(AND(BU$3=BU5,BV$3=BV5), 3, IF(AND(BU$3=BV$3,BU5=BV5), 2, IF(OR(AND(BU$3>BV$3,BU5>BV5), AND(BU$3<BV$3,BU5<BV5)), 1, 0)))) | BY5: PABLO CARDENAS | BZ5: 1 | CA5: 1 | CB5: =IF(OR(BZ$3="",CA$3="",BZ5="",CA5=""), "", IF(AND(BZ$3=BZ5,CA$3=CA5), 3, IF(AND(BZ$3=CA$3,BZ5=CA5), 2, IF(OR(AND(BZ$3>CA$3,BZ5>CA5), AND(BZ$3<CA$3,BZ5<CA5)), 1, 0)))) | CD5: PABLO CARDENAS | CE5: 3 | CF5: 0 | CG5: =IF(OR(CE$3="",CF$3="",CE5="",CF5=""), "", IF(AND(CE$3=CE5,CF$3=CF5), 3, IF(AND(CE$3=CF$3,CE5=CF5), 2, IF(OR(AND(CE$3>CF$3,CE5>CF5), AND(CE$3<CF$3,CE5<CF5)), 1, 0)))) | CI5: PABLO CARDENAS | CJ5: 0 | CK5: 2 | CL5: =IF(OR(CJ$3="",CK$3="",CJ5="",CK5=""), "", IF(AND(CJ$3=CJ5,CK$3=CK5), 3, IF(AND(CJ$3=CK$3,CJ5=CK5), 2, IF(OR(AND(CJ$3>CK$3,CJ5>CK5), AND(CJ$3<CK$3,CJ5<CK5)), 1, 0)))) | CN5: PABLO CARDENAS | CO5: 2 | CP5: 0 | CQ5: =IF(OR(CO$3="",CP$3="",CO5="",CP5=""), "", IF(AND(CO$3=CO5,CP$3=CP5), 3, IF(AND(CO$3=CP$3,CO5=CP5), 2, IF(OR(AND(CO$3>CP$3,CO5>CP5), AND(CO$3<CP$3,CO5<CP5)), 1, 0)))) | CS5: PABLO CARDENAS | CT5: 2 | CU5: 0 | CV5: =IF(OR(CT$3="",CU$3="",CT5="",CU5=""), "", IF(AND(CT$3=CT5,CU$3=CU5), 3, IF(AND(CT$3=CU$3,CT5=CU5), 2, IF(OR(AND(CT$3>CU$3,CT5>CU5), AND(CT$3<CU$3,CT5<CU5)), 1, 0)))) | CX5: PABLO CARDENAS | CY5: 3 | CZ5: 0 | DA5: =IF(OR(CY$3="",CZ$3="",CY5="",CZ5=""), "", IF(AND(CY$3=CY5,CZ$3=CZ5), 3, IF(AND(CY$3=CZ$3,CY5=CZ5), 2, IF(OR(AND(CY$3>CZ$3,CY5>CZ5), AND(CY$3<CZ$3,CY5<CZ5)), 1, 0)))) | DC5: PABLO CARDENAS | DD5: 2 | DE5: 1 | DF5: =IF(OR(DD$3="",DE$3="",DD5="",DE5=""), "", IF(AND(DD$3=DD5,DE$3=DE5), 3, IF(AND(DD$3=DE$3,DD5=DE5), 2, IF(OR(AND(DD$3>DE$3,DD5>DE5), AND(DD$3<DE$3,DD5<DE5)), 1, 0)))) | DH5: PABLO CARDENAS | DI5: 1 | DJ5: 1 | DK5: =IF(OR(DI$3="",DJ$3="",DI5="",DJ5=""), "", IF(AND(DI$3=DI5,DJ$3=DJ5), 3, IF(AND(DI$3=DJ$3,DI5=DJ5), 2, IF(OR(AND(DI$3>DJ$3,DI5>DJ5), AND(DI$3<DJ$3,DI5<DJ5)), 1, 0)))) | DM5: PABLO CARDENAS | DN5: 1 | DO5: 2 | DP5: =IF(OR(DN$3="",DO$3="",DN5="",DO5=""), "", IF(AND(DN$3=DN5,DO$3=DO5), 3, IF(AND(DN$3=DO$3,DN5=DO5), 2, IF(OR(AND(DN$3>DO$3,DN5>DO5), AND(DN$3<DO$3,DN5<DO5)), 1, 0)))) | DR5: PABLO CARDENAS | DS5: 1 | DT5: 0 | DU5: =IF(OR(DS$3="",DT$3="",DS5="",DT5=""), "", IF(AND(DS$3=DS5,DT$3=DT5), 3, IF(AND(DS$3=DT$3,DS5=DT5), 2, IF(OR(AND(DS$3>DT$3,DS5>DT5), AND(DS$3<DT$3,DS5<DT5)), 1, 0)))) | DW5: PABLO CARDENAS | DX5: 2 | DY5: 0 | DZ5: =IF(OR(DX$3="",DY$3="",DX5="",DY5=""), "", IF(AND(DX$3=DX5,DY$3=DY5), 3, IF(AND(DX$3=DY$3,DX5=DY5), 2, IF(OR(AND(DX$3>DY$3,DX5>DY5), AND(DX$3<DY$3,DX5<DY5)), 1, 0)))) | EB5: PABLO CARDENAS | EC5: 1 | ED5: 1 | EE5: =IF(OR(EC$3="",ED$3="",EC5="",ED5=""), "", IF(AND(EC$3=EC5,ED$3=ED5), 3, IF(AND(EC$3=ED$3,EC5=ED5), 2, IF(OR(AND(EC$3>ED$3,EC5>ED5), AND(EC$3<ED$3,EC5<ED5)), 1, 0)))) | EG5: PABLO CARDENAS | EH5: 1 | EI5: 1 | EJ5: =IF(OR(EH$3="",EI$3="",EH5="",EI5=""), "", IF(AND(EH$3=EH5,EI$3=EI5), 3, IF(AND(EH$3=EI$3,EH5=EI5), 2, IF(OR(AND(EH$3>EI$3,EH5>EI5), AND(EH$3<EI$3,EH5<EI5)), 1, 0)))) | EL5: PABLO CARDENAS | EM5: 2 | EN5: 1 | EO5: =IF(OR(EM$3="",EN$3="",EM5="",EN5=""), "", IF(AND(EM$3=EM5,EN$3=EN5), 3, IF(AND(EM$3=EN$3,EM5=EN5), 2, IF(OR(AND(EM$3>EN$3,EM5>EN5), AND(EM$3<EN$3,EM5<EN5)), 1, 0)))) | EQ5: PABLO CARDENAS | ER5: 1 | ES5: 1 | ET5: =IF(OR(ER$3="",ES$3="",ER5="",ES5=""), "", IF(AND(ER$3=ER5,ES$3=ES5), 3, IF(AND(ER$3=ES$3,ER5=ES5), 2, IF(OR(AND(ER$3>ES$3,ER5>ES5), AND(ER$3<ES$3,ER5<ES5)), 1, 0)))) | EV5: PABLO CARDENAS | EW5: 3 | EX5: 0 | EY5: =IF(OR(EW$3="",EX$3="",EW5="",EX5=""), "", IF(AND(EW$3=EW5,EX$3=EX5), 3, IF(AND(EW$3=EX$3,EW5=EX5), 2, IF(OR(AND(EW$3>EX$3,EW5>EX5), AND(EW$3<EX$3,EW5<EX5)), 1, 0)))) | FA5: PABLO CARDENAS | FB5: 2 | FC5: 2 | FD5: =IF(OR(FB$3="",FC$3="",FB5="",FC5=""), "", IF(AND(FB$3=FB5,FC$3=FC5), 3, IF(AND(FB$3=FC$3,FB5=FC5), 2, IF(OR(AND(FB$3>FC$3,FB5>FC5), AND(FB$3<FC$3,FB5<FC5)), 1, 0)))) | FF5: PABLO CARDENAS | FG5: 2 | FH5: 1 | FI5: =IF(OR(FG$3="",FH$3="",FG5="",FH5=""), "", IF(AND(FG$3=FG5,FH$3=FH5), 3, IF(AND(FG$3=FH$3,FG5=FH5), 2, IF(OR(AND(FG$3>FH$3,FG5>FH5), AND(FG$3<FH$3,FG5<FH5)), 1, 0)))) | FK5: PABLO CARDENAS | FL5: 2 | FM5: 0 | FN5: =IF(OR(FL$3="",FM$3="",FL5="",FM5=""), "", IF(AND(FL$3=FL5,FM$3=FM5), 3, IF(AND(FL$3=FM$3,FL5=FM5), 2, IF(OR(AND(FL$3>FM$3,FL5>FM5), AND(FL$3<FM$3,FL5<FM5)), 1, 0)))) | FP5: PABLO CARDENAS | FQ5: 2 | FR5: 0 | FS5: =IF(OR(FQ$3="",FR$3="",FQ5="",FR5=""), "", IF(AND(FQ$3=FQ5,FR$3=FR5), 3, IF(AND(FQ$3=FR$3,FQ5=FR5), 2, IF(OR(AND(FQ$3>FR$3,FQ5>FR5), AND(FQ$3<FR$3,FQ5<FR5)), 1, 0)))) | FU5: PABLO CARDENAS | FV5: 1 | FW5: 2 | FX5: =IF(OR(FV$3="",FW$3="",FV5="",FW5=""), "", IF(AND(FV$3=FV5,FW$3=FW5), 3, IF(AND(FV$3=FW$3,FV5=FW5), 2, IF(OR(AND(FV$3>FW$3,FV5>FW5), AND(FV$3<FW$3,FV5<FW5)), 1, 0)))) | FZ5: PABLO CARDENAS | GA5: 3 | GB5: 0 | GC5: =IF(OR(GA$3="",GB$3="",GA5="",GB5=""), "", IF(AND(GA$3=GA5,GB$3=GB5), 3, IF(AND(GA$3=GB$3,GA5=GB5), 2, IF(OR(AND(GA$3>GB$3,GA5>GB5), AND(GA$3<GB$3,GA5<GB5)), 1, 0)))) | GE5: PABLO CARDENAS | GF5: 3 | GG5: 0 | GH5: =IF(OR(GF$3="",GG$3="",GF5="",GG5=""), "", IF(AND(GF$3=GF5,GG$3=GG5), 3, IF(AND(GF$3=GG$3,GF5=GG5), 2, IF(OR(AND(GF$3>GG$3,GF5>GG5), AND(GF$3<GG$3,GF5<GG5)), 1, 0)))) | GJ5: PABLO CARDENAS | GK5: 2 | GL5: 0 | GM5: =IF(OR(GK$3="",GL$3="",GK5="",GL5=""), "", IF(AND(GK$3=GK5,GL$3=GL5), 3, IF(AND(GK$3=GL$3,GK5=GL5), 2, IF(OR(AND(GK$3>GL$3,GK5>GL5), AND(GK$3<GL$3,GK5<GL5)), 1, 0)))) | GO5: PABLO CARDENAS | GP5: 0 | GQ5: 1 | GR5: =IF(OR(GP$3="",GQ$3="",GP5="",GQ5=""), "", IF(AND(GP$3=GP5,GQ$3=GQ5), 3, IF(AND(GP$3=GQ$3,GP5=GQ5), 2, IF(OR(AND(GP$3>GQ$3,GP5>GQ5), AND(GP$3<GQ$3,GP5<GQ5)), 1, 0)))) | GT5: PABLO CARDENAS | GU5: 1 | GV5: 1 | GW5: =IF(OR(GU$3="",GV$3="",GU5="",GV5=""), "", IF(AND(GU$3=GU5,GV$3=GV5), 3, IF(AND(GU$3=GV$3,GU5=GV5), 2, IF(OR(AND(GU$3>GV$3,GU5>GV5), AND(GU$3<GV$3,GU5<GV5)), 1, 0)))) | GY5: PABLO CARDENAS | GZ5: 2 | HA5: O | HB5: =IF(OR(GZ$3="",HA$3="",GZ5="",HA5=""), "", IF(AND(GZ$3=GZ5,HA$3=HA5), 3, IF(AND(GZ$3=HA$3,GZ5=HA5), 2, IF(OR(AND(GZ$3>HA$3,GZ5>HA5), AND(GZ$3<HA$3,GZ5<HA5)), 1, 0)))) | HD5: PABLO CARDENAS | HE5: 2 | HF5: 0 | HG5: =IF(OR(HE$3="",HF$3="",HE5="",HF5=""), "", IF(AND(HE$3=HE5,HF$3=HF5), 3, IF(AND(HE$3=HF$3,HE5=HF5), 2, IF(OR(AND(HE$3>HF$3,HE5>HF5), AND(HE$3<HF$3,HE5<HF5)), 1, 0)))) | HI5: PABLO CARDENAS | HJ5: 1 | HK5: 2 | HL5: =IF(OR(HJ$3="",HK$3="",HJ5="",HK5=""), "", IF(AND(HJ$3=HJ5,HK$3=HK5), 3, IF(AND(HJ$3=HK$3,HJ5=HK5), 2, IF(OR(AND(HJ$3>HK$3,HJ5>HK5), AND(HJ$3<HK$3,HJ5<HK5)), 1, 0)))) | HN5: PABLO CARDENAS | HO5: 2 | HP5: 0 | HQ5: =IF(OR(HO$3="",HP$3="",HO5="",HP5=""), "", IF(AND(HO$3=HO5,HP$3=HP5), 3, IF(AND(HO$3=HP$3,HO5=HP5), 2, IF(OR(AND(HO$3>HP$3,HO5>HP5), AND(HO$3<HP$3,HO5<HP5)), 1, 0)))) | HS5: PABLO CARDENAS | HT5: 2 | HU5: 0 | HV5: =IF(OR(HT$3="",HU$3="",HT5="",HU5=""), "", IF(AND(HT$3=HT5,HU$3=HU5), 3, IF(AND(HT$3=HU$3,HT5=HU5), 2, IF(OR(AND(HT$3>HU$3,HT5>HU5), AND(HT$3<HU$3,HT5<HU5)), 1, 0)))) | HX5: PABLO CARDENAS | HY5: 1 | HZ5: 2 | IA5: =IF(OR(HY$3="",HZ$3="",HY5="",HZ5=""), "", IF(AND(HY$3=HY5,HZ$3=HZ5), 3, IF(AND(HY$3=HZ$3,HY5=HZ5), 2, IF(OR(AND(HY$3>HZ$3,HY5>HZ5), AND(HY$3<HZ$3,HY5<HZ5)), 1, 0)))) | IC5: PABLO CARDENAS | ID5: 2 | IE5: 0 | IF5: =IF(OR(ID$3="",IE$3="",ID5="",IE5=""), "", IF(AND(ID$3=ID5,IE$3=IE5), 3, IF(AND(ID$3=IE$3,ID5=IE5), 2, IF(OR(AND(ID$3>IE$3,ID5>IE5), AND(ID$3<IE$3,ID5<IE5)), 1, 0)))) | IH5: PABLO CARDENAS | II5: 1 | IJ5: 0 | IK5: =IF(OR(II$3="",IJ$3="",II5="",IJ5=""), "", IF(AND(II$3=II5,IJ$3=IJ5), 3, IF(AND(II$3=IJ$3,II5=IJ5), 2, IF(OR(AND(II$3>IJ$3,II5>IJ5), AND(II$3<IJ$3,II5<IJ5)), 1, 0)))) | IM5: PABLO CARDENAS | IN5: 1 | IO5: 0 | IP5: =IF(OR(IN$3="",IO$3="",IN5="",IO5=""), "", IF(AND(IN$3=IN5,IO$3=IO5), 3, IF(AND(IN$3=IO$3,IN5=IO5), 2, IF(OR(AND(IN$3>IO$3,IN5>IO5), AND(IN$3<IO$3,IN5<IO5)), 1, 0)))) | IR5: PABLO CARDENAS | IS5: 2 | IT5: 0 | IU5: =IF(OR(IS$3="",IT$3="",IS5="",IT5=""), "", IF(AND(IS$3=IS5,IT$3=IT5), 3, IF(AND(IS$3=IT$3,IS5=IT5), 2, IF(OR(AND(IS$3>IT$3,IS5>IT5), AND(IS$3<IT$3,IS5<IT5)), 1, 0)))) | IW5: PABLO CARDENAS | IX5: 1 | IY5: 2 | IZ5: =IF(OR(IX$3="",IY$3="",IX5="",IY5=""), "", IF(AND(IX$3=IX5,IY$3=IY5), 3, IF(AND(IX$3=IY$3,IX5=IY5), 2, IF(OR(AND(IX$3>IY$3,IX5>IY5), AND(IX$3<IY$3,IX5<IY5)), 1, 0)))) | JB5: PABLO CARDENAS | JC5: 1 | JD5: 2 | JE5: =IF(OR(JC$3="",JD$3="",JC5="",JD5=""), "", IF(AND(JC$3=JC5,JD$3=JD5), 3, IF(AND(JC$3=JD$3,JC5=JD5), 2, IF(OR(AND(JC$3>JD$3,JC5>JD5), AND(JC$3<JD$3,JC5<JD5)), 1, 0)))) | JG5: PABLO CARDENAS | JH5: 2 | JI5: 2 | JJ5: =IF(OR(JH$3="",JI$3="",JH5="",JI5=""), "", IF(AND(JH$3=JH5,JI$3=JI5), 3, IF(AND(JH$3=JI$3,JH5=JI5), 2, IF(OR(AND(JH$3>JI$3,JH5>JI5), AND(JH$3<JI$3,JH5<JI5)), 1, 0)))) | JL5: PABLO CARDENAS | JM5: 0 | JN5: 2 | JO5: =IF(OR(JM$3="",JN$3="",JM5="",JN5=""), "", IF(AND(JM$3=JM5,JN$3=JN5), 3, IF(AND(JM$3=JN$3,JM5=JN5), 2, IF(OR(AND(JM$3>JN$3,JM5>JN5), AND(JM$3<JN$3,JM5<JN5)), 1, 0)))) | JQ5: PABLO CARDENAS | JR5: 1 | JS5: 2 | JT5: =IF(OR(JR$3="",JS$3="",JR5="",JS5=""), "", IF(AND(JR$3=JR5,JS$3=JS5), 3, IF(AND(JR$3=JS$3,JR5=JS5), 2, IF(OR(AND(JR$3>JS$3,JR5>JS5), AND(JR$3<JS$3,JR5<JS5)), 1, 0)))) | JV5: PABLO CARDENAS | JW5: 0 | JX5: 3 | JY5: =IF(OR(JW$3="",JX$3="",JW5="",JX5=""), "", IF(AND(JW$3=JW5,JX$3=JX5), 3, IF(AND(JW$3=JX$3,JW5=JX5), 2, IF(OR(AND(JW$3>JX$3,JW5>JX5), AND(JW$3<JX$3,JW5<JX5)), 1, 0)))) | KA5: PABLO CARDENAS | KB5: 1 | KC5: 1 | KD5: =IF(OR(KB$3="",KC$3="",KB5="",KC5=""), "", IF(AND(KB$3=KB5,KC$3=KC5), 3, IF(AND(KB$3=KC$3,KB5=KC5), 2, IF(OR(AND(KB$3>KC$3,KB5>KC5), AND(KB$3<KC$3,KB5<KC5)), 1, 0)))) | KF5: PABLO CARDENAS | KG5: 1 | KH5: 1 | KI5: =IF(OR(KG$3="",KH$3="",KG5="",KH5=""), "", IF(AND(KG$3=KG5,KH$3=KH5), 3, IF(AND(KG$3=KH$3,KG5=KH5), 2, IF(OR(AND(KG$3>KH$3,KG5>KH5), AND(KG$3<KH$3,KG5<KH5)), 1, 0)))) | KK5: PABLO CARDENAS | KL5: 1 | KM5: 0 | KN5: =IF(OR(KL$3="",KM$3="",KL5="",KM5=""), "", IF(AND(KL$3=KL5,KM$3=KM5), 3, IF(AND(KL$3=KM$3,KL5=KM5), 2, IF(OR(AND(KL$3>KM$3,KL5>KM5), AND(KL$3<KM$3,KL5<KM5)), 1, 0)))) | KP5: PABLO CARDENAS | KQ5: 1 | KR5: 1 | KS5: =IF(OR(KQ$3="",KR$3="",KQ5="",KR5=""), "", IF(AND(KQ$3=KQ5,KR$3=KR5), 3, IF(AND(KQ$3=KR$3,KQ5=KR5), 2, IF(OR(AND(KQ$3>KR$3,KQ5>KR5), AND(KQ$3<KR$3,KQ5<KR5)), 1, 0)))) | KU5: PABLO CARDENAS | KV5: 2 | KW5: 2 | KX5: =IF(OR(KV$3="",KW$3="",KV5="",KW5=""), "", IF(AND(KV$3=KV5,KW$3=KW5), 3, IF(AND(KV$3=KW$3,KV5=KW5), 2, IF(OR(AND(KV$3>KW$3,KV5>KW5), AND(KV$3<KW$3,KV5<KW5)), 1, 0)))) | KZ5: PABLO CARDENAS | LA5: 0 | LB5: 2 | LC5: =IF(OR(LA$3="",LB$3="",LA5="",LB5=""), "", IF(AND(LA$3=LA5,LB$3=LB5), 3, IF(AND(LA$3=LB$3,LA5=LB5), 2, IF(OR(AND(LA$3>LB$3,LA5>LB5), AND(LA$3<LB$3,LA5<LB5)), 1, 0)))) | LE5: PABLO CARDENAS | LF5: 1 | LG5: 2 | LH5: =IF(OR(LF$3="",LG$3="",LF5="",LG5=""), "", IF(AND(LF$3=LF5,LG$3=LG5), 3, IF(AND(LF$3=LG$3,LF5=LG5), 2, IF(OR(AND(LF$3>LG$3,LF5>LG5), AND(LF$3<LG$3,LF5<LG5)), 1, 0)))) | LJ5: PABLO CARDENAS | LK5: 0 | LL5: 2 | LM5: =IF(OR(LK$3="",LL$3="",LK5="",LL5=""), "", IF(AND(LK$3=LK5,LL$3=LL5), 3, IF(AND(LK$3=LL$3,LK5=LL5), 2, IF(OR(AND(LK$3>LL$3,LK5>LL5), AND(LK$3<LL$3,LK5<LL5)), 1, 0)))) | LO5: PABLO CARDENAS | LP5: 1 | LQ5: 0 | LR5: =IF(OR(LP$3="",LQ$3="",LP5="",LQ5=""), "", IF(AND(LP$3=LP5,LQ$3=LQ5), 3, IF(AND(LP$3=LQ$3,LP5=LQ5), 2, IF(OR(AND(LP$3>LQ$3,LP5>LQ5), AND(LP$3<LQ$3,LP5<LQ5)), 1, 0)))) | LT5: PABLO CARDENAS | LU5: 0 | LV5: 3 | LW5: =IF(OR(LU$3="",LV$3="",LU5="",LV5=""), "", IF(AND(LU$3=LU5,LV$3=LV5), 3, IF(AND(LU$3=LV$3,LU5=LV5), 2, IF(OR(AND(LU$3>LV$3,LU5>LV5), AND(LU$3<LV$3,LU5<LV5)), 1, 0)))) | LY5: PABLO CARDENAS | LZ5: 2 | MA5: 1 | MB5: =IF(OR(LZ$3="",MA$3="",LZ5="",MA5=""), "", IF(AND(LZ$3=LZ5,MA$3=MA5), 3, IF(AND(LZ$3=MA$3,LZ5=MA5), 2, IF(OR(AND(LZ$3>MA$3,LZ5>MA5), AND(LZ$3<MA$3,LZ5<MA5)), 1, 0)))) | MD5: PABLO CARDENAS | ME5: 1 | MF5: 1 | MG5: =IF(OR(ME$3="",MF$3="",ME5="",MF5=""), "", IF(AND(ME$3=ME5,MF$3=MF5), 3, IF(AND(ME$3=MF$3,ME5=MF5), 2, IF(OR(AND(ME$3>MF$3,ME5>MF5), AND(ME$3<MF$3,ME5<MF5)), 1, 0)))) | MI5: PABLO CARDENAS | MJ5: 0 | MK5: 1 | ML5: =IF(OR(MJ$3="",MK$3="",MJ5="",MK5=""), "", IF(AND(MJ$3=MJ5,MK$3=MK5), 3, IF(AND(MJ$3=MK$3,MJ5=MK5), 2, IF(OR(AND(MJ$3>MK$3,MJ5>MK5), AND(MJ$3<MK$3,MJ5<MK5)), 1, 0)))) | MN5: PABLO CARDENAS | MO5: 1 | MP5: 1 | MQ5: =IF(OR(MO$3="",MP$3="",MO5="",MP5=""), "", IF(AND(MO$3=MO5,MP$3=MP5), 3, IF(AND(MO$3=MP$3,MO5=MP5), 2, IF(OR(AND(MO$3>MP$3,MO5>MP5), AND(MO$3<MP$3,MO5<MP5)), 1, 0)))) | MS5: PABLO CARDENAS | MT5: 0 | MU5: 3 | MV5: =IF(OR(MT$3="",MU$3="",MT5="",MU5=""), "", IF(AND(MT$3=MT5,MU$3=MU5), 3, IF(AND(MT$3=MU$3,MT5=MU5), 2, IF(OR(AND(MT$3>MU$3,MT5>MU5), AND(MT$3<MU$3,MT5<MU5)), 1, 0)))) | MX5: PABLO CARDENAS | MY5: FRANCIA | NA5: PORTUGAL | NC5: INGLATERRA | NE5: COLOMBIA | NG5: KILIAM MBAPE | NI5: =SUM(E5,J5,O5,T5,Y5,AD5,AI5,AN5,AS5,AX5,BC5,BH5,BM5,BR5,,BW5,CB5,CG5,CL5,CQ5,CV5,DA5,DF5,DK5,DP5,DU5,DZ5,EE5,EJ5,EO5,ET5,EY5,FD5,FI5,FN5,FS5,FX5,GC5,GH5,GM5,GR5,GW5,HB5,HG5,HL5,HQ5,HV5,IA5,IF5,IK5,IP5,IU5,IZ5,JE5,JJ5,JO5,JT5,JY5,KD5,KI5,KN5,KS5,KX5,LC5,LH5,LM5,LR5,LW5,MB5,MG5,ML5,MQ5,MV5,MZ5,NB5,ND5,NF5,NH5,) -> 7
A6: 3 | B6: OMAR CARDENAS | C6: 2 | D6: 0 | E6: =IF(OR(C$3="",D$3="",C6="",D6=""), "", IF(AND(C$3=C6,D$3=D6), 3, IF(AND(C$3=D$3,C6=D6), 2, IF(OR(AND(C$3>D$3,C6>D6), AND(C$3<D$3,C6<D6)), 1, 0)))) -> 3 | G6: OMAR CARDENAS | H6: 2 | I6: 2 | J6: =IF(OR(H$3="",I$3="",H6="",I6=""), "", IF(AND(H$3=H6,I$3=I6), 3, IF(AND(H$3=I$3,H6=I6), 2, IF(OR(AND(H$3>I$3,H6>I6), AND(H$3<I$3,H6<I6)), 1, 0)))) -> 0 | L6: OMAR CARDENAS | M6: 1 | N6: 1 | O6: =IF(OR(M$3="",N$3="",M6="",N6=""), "", IF(AND(M$3=M6,N$3=N6), 3, IF(AND(M$3=N$3,M6=N6), 2, IF(OR(AND(M$3>N$3,M6>N6), AND(M$3<N$3,M6<N6)), 1, 0)))) -> 3 | Q6: OMAR CARDENAS | R6: 2 | S6: 1 | T6: =IF(OR(R$3="",S$3="",R6="",S6=""), "", IF(AND(R$3=R6,S$3=S6), 3, IF(AND(R$3=S$3,R6=S6), 2, IF(OR(AND(R$3>S$3,R6>S6), AND(R$3<S$3,R6<S6)), 1, 0)))) -> 1 | V6: OMAR CARDENAS | W6: 0 | X6: 3 | Y6: =IF(OR(W$3="",X$3="",W6="",X6=""), "", IF(AND(W$3=W6,X$3=X6), 3, IF(AND(W$3=X$3,W6=X6), 2, IF(OR(AND(W$3>X$3,W6>X6), AND(W$3<X$3,W6<X6)), 1, 0)))) -> 0 | AA6: OMAR CARDENAS | AB6: 3 | AC6: 1 | AD6: =IF(OR(AB$3="",AC$3="",AB6="",AC6=""), "", IF(AND(AB$3=AB6,AC$3=AC6), 3, IF(AND(AB$3=AC$3,AB6=AC6), 2, IF(OR(AND(AB$3>AC$3,AB6>AC6), AND(AB$3<AC$3,AB6<AC6)), 1, 0)))) -> 0 | AF6: OMAR CARDENAS | AG6: 0 | AH6: 3 | AI6: =IF(OR(AG$3="",AH$3="",AG6="",AH6=""), "", IF(AND(AG$3=AG6,AH$3=AH6), 3, IF(AND(AG$3=AH$3,AG6=AH6), 2, IF(OR(AND(AG$3>AH$3,AG6>AH6), AND(AG$3<AH$3,AG6<AH6)), 1, 0)))) | AK6: OMAR CARDENAS | AL6: 1 | AM6: 2 | AN6: =IF(OR(AL$3="",AM$3="",AL6="",AM6=""), "", IF(AND(AL$3=AL6,AM$3=AM6), 3, IF(AND(AL$3=AM$3,AL6=AM6), 2, IF(OR(AND(AL$3>AM$3,AL6>AM6), AND(AL$3<AM$3,AL6<AM6)), 1, 0)))) | AP6: OMAR CARDENAS | AQ6: 4 | AR6: 0 | AS6: =IF(OR(AQ$3="",AR$3="",AQ6="",AR6=""), "", IF(AND(AQ$3=AQ6,AR$3=AR6), 3, IF(AND(AQ$3=AR$3,AQ6=AR6), 2, IF(OR(AND(AQ$3>AR$3,AQ6>AR6), AND(AQ$3<AR$3,AQ6<AR6)), 1, 0)))) | AU6: OMAR CARDENAS | AV6: 3 | AW6: 1 | AX6: =IF(OR(AV$3="",AW$3="",AV6="",AW6=""), "", IF(AND(AV$3=AV6,AW$3=AW6), 3, IF(AND(AV$3=AW$3,AV6=AW6), 2, IF(OR(AND(AV$3>AW$3,AV6>AW6), AND(AV$3<AW$3,AV6<AW6)), 1, 0)))) | AZ6: OMAR CARDENAS | BA6: 2 | BB6: 2 | BC6: =IF(OR(BA$3="",BB$3="",BA6="",BB6=""), "", IF(AND(BA$3=BA6,BB$3=BB6), 3, IF(AND(BA$3=BB$3,BA6=BB6), 2, IF(OR(AND(BA$3>BB$3,BA6>BB6), AND(BA$3<BB$3,BA6<BB6)), 1, 0)))) | BE6: OMAR CARDENAS | BF6: 2 | BG6: 0 | BH6: =IF(OR(BF$3="",BG$3="",BF6="",BG6=""), "", IF(AND(BF$3=BF6,BG$3=BG6), 3, IF(AND(BF$3=BG$3,BF6=BG6), 2, IF(OR(AND(BF$3>BG$3,BF6>BG6), AND(BF$3<BG$3,BF6<BG6)), 1, 0)))) | BJ6: OMAR CARDENAS | BK6: 5 | BL6: 0 | BM6: =IF(OR(BK$3="",BL$3="",BK6="",BL6=""), "", IF(AND(BK$3=BK6,BL$3=BL6), 3, IF(AND(BK$3=BL$3,BK6=BL6), 2, IF(OR(AND(BK$3>BL$3,BK6>BL6), AND(BK$3<BL$3,BK6<BL6)), 1, 0)))) | BO6: OMAR CARDENAS | BP6: 2 | BQ6: 1 | BR6: =IF(OR(BP$3="",BQ$3="",BP6="",BQ6=""), "", IF(AND(BP$3=BP6,BQ$3=BQ6), 3, IF(AND(BP$3=BQ$3,BP6=BQ6), 2, IF(OR(AND(BP$3>BQ$3,BP6>BQ6), AND(BP$3<BQ$3,BP6<BQ6)), 1, 0)))) | BT6: OMAR CARDENAS | BU6: 0 | BV6: 2 | BW6: =IF(OR(BU$3="",BV$3="",BU6="",BV6=""), "", IF(AND(BU$3=BU6,BV$3=BV6), 3, IF(AND(BU$3=BV$3,BU6=BV6), 2, IF(OR(AND(BU$3>BV$3,BU6>BV6), AND(BU$3<BV$3,BU6<BV6)), 1, 0)))) | BY6: OMAR CARDENAS | BZ6: 1 | CA6: 1 | CB6: =IF(OR(BZ$3="",CA$3="",BZ6="",CA6=""), "", IF(AND(BZ$3=BZ6,CA$3=CA6), 3, IF(AND(BZ$3=CA$3,BZ6=CA6), 2, IF(OR(AND(BZ$3>CA$3,BZ6>CA6), AND(BZ$3<CA$3,BZ6<CA6)), 1, 0)))) | CD6: OMAR CARDENAS | CE6: 3 | CF6: 0 | CG6: =IF(OR(CE$3="",CF$3="",CE6="",CF6=""), "", IF(AND(CE$3=CE6,CF$3=CF6), 3, IF(AND(CE$3=CF$3,CE6=CF6), 2, IF(OR(AND(CE$3>CF$3,CE6>CF6), AND(CE$3<CF$3,CE6<CF6)), 1, 0)))) | CI6: OMAR CARDENAS | CJ6: 0 | CK6: 2 | CL6: =IF(OR(CJ$3="",CK$3="",CJ6="",CK6=""), "", IF(AND(CJ$3=CJ6,CK$3=CK6), 3, IF(AND(CJ$3=CK$3,CJ6=CK6), 2, IF(OR(AND(CJ$3>CK$3,CJ6>CK6), AND(CJ$3<CK$3,CJ6<CK6)), 1, 0)))) | CN6: OMAR CARDENAS | CO6: 2 | CP6: 0 | CQ6: =IF(OR(CO$3="",CP$3="",CO6="",CP6=""), "", IF(AND(CO$3=CO6,CP$3=CP6), 3, IF(AND(CO$3=CP$3,CO6=CP6), 2, IF(OR(AND(CO$3>CP$3,CO6>CP6), AND(CO$3<CP$3,CO6<CP6)), 1, 0)))) | CS6: OMAR CARDENAS | CT6: 2 | CU6: 0 | CV6: =IF(OR(CT$3="",CU$3="",CT6="",CU6=""), "", IF(AND(CT$3=CT6,CU$3=CU6), 3, IF(AND(CT$3=CU$3,CT6=CU6), 2, IF(OR(AND(CT$3>CU$3,CT6>CU6), AND(CT$3<CU$3,CT6<CU6)), 1, 0)))) | CX6: OMAR CARDENAS | CY6: 3 | CZ6: 0 | DA6: =IF(OR(CY$3="",CZ$3="",CY6="",CZ6=""), "", IF(AND(CY$3=CY6,CZ$3=CZ6), 3, IF(AND(CY$3=CZ$3,CY6=CZ6), 2, IF(OR(AND(CY$3>CZ$3,CY6>CZ6), AND(CY$3<CZ$3,CY6<CZ6)), 1, 0)))) | DC6: OMAR CARDENAS | DD6: 2 | DE6: 1 | DF6: =IF(OR(DD$3="",DE$3="",DD6="",DE6=""), "", IF(AND(DD$3=DD6,DE$3=DE6), 3, IF(AND(DD$3=DE$3,DD6=DE6), 2, IF(OR(AND(DD$3>DE$3,DD6>DE6), AND(DD$3<DE$3,DD6<DE6)), 1, 0)))) | DH6: OMAR CARDENAS | DI6: 1 | DJ6: 1 | DK6: =IF(OR(DI$3="",DJ$3="",DI6="",DJ6=""), "", IF(AND(DI$3=DI6,DJ$3=DJ6), 3, IF(AND(DI$3=DJ$3,DI6=DJ6), 2, IF(OR(AND(DI$3>DJ$3,DI6>DJ6), AND(DI$3<DJ$3,DI6<DJ6)), 1, 0)))) | DM6: OMAR CARDENAS | DN6: 1 | DO6: 2 | DP6: =IF(OR(DN$3="",DO$3="",DN6="",DO6=""), "", IF(AND(DN$3=DN6,DO$3=DO6), 3, IF(AND(DN$3=DO$3,DN6=DO6), 2, IF(OR(AND(DN$3>DO$3,DN6>DO6), AND(DN$3<DO$3,DN6<DO6)), 1, 0)))) | DR6: OMAR CARDENAS | DS6: 1 | DT6: 0 | DU6: =IF(OR(DS$3="",DT$3="",DS6="",DT6=""), "", IF(AND(DS$3=DS6,DT$3=DT6), 3, IF(AND(DS$3=DT$3,DS6=DT6), 2, IF(OR(AND(DS$3>DT$3,DS6>DT6), AND(DS$3<DT$3,DS6<DT6)), 1, 0)))) | DW6: OMAR CARDENAS | DX6: 2 | DY6: 0 | DZ6: =IF(OR(DX$3="",DY$3="",DX6="",DY6=""), "", IF(AND(DX$3=DX6,DY$3=DY6), 3, IF(AND(DX$3=DY$3,DX6=DY6), 2, IF(OR(AND(DX$3>DY$3,DX6>DY6), AND(DX$3<DY$3,DX6<DY6)), 1, 0)))) | EB6: OMAR CARDENAS | EC6: 1 | ED6: 1 | EE6: =IF(OR(EC$3="",ED$3="",EC6="",ED6=""), "", IF(AND(EC$3=EC6,ED$3=ED6), 3, IF(AND(EC$3=ED$3,EC6=ED6), 2, IF(OR(AND(EC$3>ED$3,EC6>ED6), AND(EC$3<ED$3,EC6<ED6)), 1, 0)))) | EG6: OMAR CARDENAS | EH6: 1 | EI6: 1 | EJ6: =IF(OR(EH$3="",EI$3="",EH6="",EI6=""), "", IF(AND(EH$3=EH6,EI$3=EI6), 3, IF(AND(EH$3=EI$3,EH6=EI6), 2, IF(OR(AND(EH$3>EI$3,EH6>EI6), AND(EH$3<EI$3,EH6<EI6)), 1, 0)))) | EL6: OMAR CARDENAS | EM6: 2 | EN6: 1 | EO6: =IF(OR(EM$3="",EN$3="",EM6="",EN6=""), "", IF(AND(EM$3=EM6,EN$3=EN6), 3, IF(AND(EM$3=EN$3,EM6=EN6), 2, IF(OR(AND(EM$3>EN$3,EM6>EN6), AND(EM$3<EN$3,EM6<EN6)), 1, 0)))) | EQ6: OMAR CARDENAS | ER6: 1 | ES6: 1 | ET6: =IF(OR(ER$3="",ES$3="",ER6="",ES6=""), "", IF(AND(ER$3=ER6,ES$3=ES6), 3, IF(AND(ER$3=ES$3,ER6=ES6), 2, IF(OR(AND(ER$3>ES$3,ER6>ES6), AND(ER$3<ES$3,ER6<ES6)), 1, 0)))) | EV6: OMAR CARDENAS | EW6: 3 | EX6: 0 | EY6: =IF(OR(EW$3="",EX$3="",EW6="",EX6=""), "", IF(AND(EW$3=EW6,EX$3=EX6), 3, IF(AND(EW$3=EX$3,EW6=EX6), 2, IF(OR(AND(EW$3>EX$3,EW6>EX6), AND(EW$3<EX$3,EW6<EX6)), 1, 0)))) | FA6: OMAR CARDENAS | FB6: 2 | FC6: 2 | FD6: =IF(OR(FB$3="",FC$3="",FB6="",FC6=""), "", IF(AND(FB$3=FB6,FC$3=FC6), 3, IF(AND(FB$3=FC$3,FB6=FC6), 2, IF(OR(AND(FB$3>FC$3,FB6>FC6), AND(FB$3<FC$3,FB6<FC6)), 1, 0)))) | FF6: OMAR CARDENAS | FG6: 2 | FH6: 1 | FI6: =IF(OR(FG$3="",FH$3="",FG6="",FH6=""), "", IF(AND(FG$3=FG6,FH$3=FH6), 3, IF(AND(FG$3=FH$3,FG6=FH6), 2, IF(OR(AND(FG$3>FH$3,FG6>FH6), AND(FG$3<FH$3,FG6<FH6)), 1, 0)))) | FK6: OMAR CARDENAS | FL6: 2 | FM6: 0 | FN6: =IF(OR(FL$3="",FM$3="",FL6="",FM6=""), "", IF(AND(FL$3=FL6,FM$3=FM6), 3, IF(AND(FL$3=FM$3,FL6=FM6), 2, IF(OR(AND(FL$3>FM$3,FL6>FM6), AND(FL$3<FM$3,FL6<FM6)), 1, 0)))) | FP6: OMAR CARDENAS | FQ6: 2 | FR6: 0 | FS6: =IF(OR(FQ$3="",FR$3="",FQ6="",FR6=""), "", IF(AND(FQ$3=FQ6,FR$3=FR6), 3, IF(AND(FQ$3=FR$3,FQ6=FR6), 2, IF(OR(AND(FQ$3>FR$3,FQ6>FR6), AND(FQ$3<FR$3,FQ6<FR6)), 1, 0)))) | FU6: OMAR CARDENAS | FV6: 1 | FW6: 2 | FX6: =IF(OR(FV$3="",FW$3="",FV6="",FW6=""), "", IF(AND(FV$3=FV6,FW$3=FW6), 3, IF(AND(FV$3=FW$3,FV6=FW6), 2, IF(OR(AND(FV$3>FW$3,FV6>FW6), AND(FV$3<FW$3,FV6<FW6)), 1, 0)))) | FZ6: OMAR CARDENAS | GA6: 3 | GB6: 0 | GC6: =IF(OR(GA$3="",GB$3="",GA6="",GB6=""), "", IF(AND(GA$3=GA6,GB$3=GB6), 3, IF(AND(GA$3=GB$3,GA6=GB6), 2, IF(OR(AND(GA$3>GB$3,GA6>GB6), AND(GA$3<GB$3,GA6<GB6)), 1, 0)))) | GE6: OMAR CARDENAS | GF6: 3 | GG6: 0 | GH6: =IF(OR(GF$3="",GG$3="",GF6="",GG6=""), "", IF(AND(GF$3=GF6,GG$3=GG6), 3, IF(AND(GF$3=GG$3,GF6=GG6), 2, IF(OR(AND(GF$3>GG$3,GF6>GG6), AND(GF$3<GG$3,GF6<GG6)), 1, 0)))) | GJ6: OMAR CARDENAS | GK6: 2 | GL6: 0 | GM6: =IF(OR(GK$3="",GL$3="",GK6="",GL6=""), "", IF(AND(GK$3=GK6,GL$3=GL6), 3, IF(AND(GK$3=GL$3,GK6=GL6), 2, IF(OR(AND(GK$3>GL$3,GK6>GL6), AND(GK$3<GL$3,GK6<GL6)), 1, 0)))) | GO6: OMAR CARDENAS | GP6: 0 | GQ6: 1 | GR6: =IF(OR(GP$3="",GQ$3="",GP6="",GQ6=""), "", IF(AND(GP$3=GP6,GQ$3=GQ6), 3, IF(AND(GP$3=GQ$3,GP6=GQ6), 2, IF(OR(AND(GP$3>GQ$3,GP6>GQ6), AND(GP$3<GQ$3,GP6<GQ6)), 1, 0)))) | GT6: OMAR CARDENAS | GU6: 1 | GV6: 1 | GW6: =IF(OR(GU$3="",GV$3="",GU6="",GV6=""), "", IF(AND(GU$3=GU6,GV$3=GV6), 3, IF(AND(GU$3=GV$3,GU6=GV6), 2, IF(OR(AND(GU$3>GV$3,GU6>GV6), AND(GU$3<GV$3,GU6<GV6)), 1, 0)))) | GY6: OMAR CARDENAS | GZ6: 2 | HA6: O | HB6: =IF(OR(GZ$3="",HA$3="",GZ6="",HA6=""), "", IF(AND(GZ$3=GZ6,HA$3=HA6), 3, IF(AND(GZ$3=HA$3,GZ6=HA6), 2, IF(OR(AND(GZ$3>HA$3,GZ6>HA6), AND(GZ$3<HA$3,GZ6<HA6)), 1, 0)))) | HD6: OMAR CARDENAS | HE6: 2 | HF6: 0 | HG6: =IF(OR(HE$3="",HF$3="",HE6="",HF6=""), "", IF(AND(HE$3=HE6,HF$3=HF6), 3, IF(AND(HE$3=HF$3,HE6=HF6), 2, IF(OR(AND(HE$3>HF$3,HE6>HF6), AND(HE$3<HF$3,HE6<HF6)), 1, 0)))) | HI6: OMAR CARDENAS | HJ6: 1 | HK6: 2 | HL6: =IF(OR(HJ$3="",HK$3="",HJ6="",HK6=""), "", IF(AND(HJ$3=HJ6,HK$3=HK6), 3, IF(AND(HJ$3=HK$3,HJ6=HK6), 2, IF(OR(AND(HJ$3>HK$3,HJ6>HK6), AND(HJ$3<HK$3,HJ6<HK6)), 1, 0)))) | HN6: OMAR CARDENAS | HO6: 2 | HP6: 0 | HQ6: =IF(OR(HO$3="",HP$3="",HO6="",HP6=""), "", IF(AND(HO$3=HO6,HP$3=HP6), 3, IF(AND(HO$3=HP$3,HO6=HP6), 2, IF(OR(AND(HO$3>HP$3,HO6>HP6), AND(HO$3<HP$3,HO6<HP6)), 1, 0)))) | HS6: OMAR CARDENAS | HT6: 2 | HU6: 0 | HV6: =IF(OR(HT$3="",HU$3="",HT6="",HU6=""), "", IF(AND(HT$3=HT6,HU$3=HU6), 3, IF(AND(HT$3=HU$3,HT6=HU6), 2, IF(OR(AND(HT$3>HU$3,HT6>HU6), AND(HT$3<HU$3,HT6<HU6)), 1, 0)))) | HX6: OMAR CARDENAS | HY6: 1 | HZ6: 2 | IA6: =IF(OR(HY$3="",HZ$3="",HY6="",HZ6=""), "", IF(AND(HY$3=HY6,HZ$3=HZ6), 3, IF(AND(HY$3=HZ$3,HY6=HZ6), 2, IF(OR(AND(HY$3>HZ$3,HY6>HZ6), AND(HY$3<HZ$3,HY6<HZ6)), 1, 0)))) | IC6: OMAR CARDENAS | ID6: 2 | IE6: 0 | IF6: =IF(OR(ID$3="",IE$3="",ID6="",IE6=""), "", IF(AND(ID$3=ID6,IE$3=IE6), 3, IF(AND(ID$3=IE$3,ID6=IE6), 2, IF(OR(AND(ID$3>IE$3,ID6>IE6), AND(ID$3<IE$3,ID6<IE6)), 1, 0)))) | IH6: OMAR CARDENAS | II6: 1 | IJ6: 0 | IK6: =IF(OR(II$3="",IJ$3="",II6="",IJ6=""), "", IF(AND(II$3=II6,IJ$3=IJ6), 3, IF(AND(II$3=IJ$3,II6=IJ6), 2, IF(OR(AND(II$3>IJ$3,II6>IJ6), AND(II$3<IJ$3,II6<IJ6)), 1, 0)))) | IM6: OMAR CARDENAS | IN6: 1 | IO6: 0 | IP6: =IF(OR(IN$3="",IO$3="",IN6="",IO6=""), "", IF(AND(IN$3=IN6,IO$3=IO6), 3, IF(AND(IN$3=IO$3,IN6=IO6), 2, IF(OR(AND(IN$3>IO$3,IN6>IO6), AND(IN$3<IO$3,IN6<IO6)), 1, 0)))) | IR6: OMAR CARDENAS | IS6: 2 | IT6: 0 | IU6: =IF(OR(IS$3="",IT$3="",IS6="",IT6=""), "", IF(AND(IS$3=IS6,IT$3=IT6), 3, IF(AND(IS$3=IT$3,IS6=IT6), 2, IF(OR(AND(IS$3>IT$3,IS6>IT6), AND(IS$3<IT$3,IS6<IT6)), 1, 0)))) | IW6: OMAR CARDENAS | IX6: 1 | IY6: 2 | IZ6: =IF(OR(IX$3="",IY$3="",IX6="",IY6=""), "", IF(AND(IX$3=IX6,IY$3=IY6), 3, IF(AND(IX$3=IY$3,IX6=IY6), 2, IF(OR(AND(IX$3>IY$3,IX6>IY6), AND(IX$3<IY$3,IX6<IY6)), 1, 0)))) | JB6: OMAR CARDENAS | JC6: 1 | JD6: 2 | JE6: =IF(OR(JC$3="",JD$3="",JC6="",JD6=""), "", IF(AND(JC$3=JC6,JD$3=JD6), 3, IF(AND(JC$3=JD$3,JC6=JD6), 2, IF(OR(AND(JC$3>JD$3,JC6>JD6), AND(JC$3<JD$3,JC6<JD6)), 1, 0)))) | JG6: OMAR CARDENAS | JH6: 2 | JI6: 2 | JJ6: =IF(OR(JH$3="",JI$3="",JH6="",JI6=""), "", IF(AND(JH$3=JH6,JI$3=JI6), 3, IF(AND(JH$3=JI$3,JH6=JI6), 2, IF(OR(AND(JH$3>JI$3,JH6>JI6), AND(JH$3<JI$3,JH6<JI6)), 1, 0)))) | JL6: OMAR CARDENAS | JM6: 0 | JN6: 2 | JO6: =IF(OR(JM$3="",JN$3="",JM6="",JN6=""), "", IF(AND(JM$3=JM6,JN$3=JN6), 3, IF(AND(JM$3=JN$3,JM6=JN6), 2, IF(OR(AND(JM$3>JN$3,JM6>JN6), AND(JM$3<JN$3,JM6<JN6)), 1, 0)))) | JQ6: OMAR CARDENAS | JR6: 1 | JS6: 2 | JT6: =IF(OR(JR$3="",JS$3="",JR6="",JS6=""), "", IF(AND(JR$3=JR6,JS$3=JS6), 3, IF(AND(JR$3=JS$3,JR6=JS6), 2, IF(OR(AND(JR$3>JS$3,JR6>JS6), AND(JR$3<JS$3,JR6<JS6)), 1, 0)))) | JV6: OMAR CARDENAS | JW6: 0 | JX6: 3 | JY6: =IF(OR(JW$3="",JX$3="",JW6="",JX6=""), "", IF(AND(JW$3=JW6,JX$3=JX6), 3, IF(AND(JW$3=JX$3,JW6=JX6), 2, IF(OR(AND(JW$3>JX$3,JW6>JX6), AND(JW$3<JX$3,JW6<JX6)), 1, 0)))) | KA6: OMAR CARDENAS | KB6: 1 | KC6: 1 | KD6: =IF(OR(KB$3="",KC$3="",KB6="",KC6=""), "", IF(AND(KB$3=KB6,KC$3=KC6), 3, IF(AND(KB$3=KC$3,KB6=KC6), 2, IF(OR(AND(KB$3>KC$3,KB6>KC6), AND(KB$3<KC$3,KB6<KC6)), 1, 0)))) | KF6: OMAR CARDENAS | KG6: 1 | KH6: 1 | KI6: =IF(OR(KG$3="",KH$3="",KG6="",KH6=""), "", IF(AND(KG$3=KG6,KH$3=KH6), 3, IF(AND(KG$3=KH$3,KG6=KH6), 2, IF(OR(AND(KG$3>KH$3,KG6>KH6), AND(KG$3<KH$3,KG6<KH6)), 1, 0)))) | KK6: OMAR CARDENAS | KL6: 1 | KM6: 0 | KN6: =IF(OR(KL$3="",KM$3="",KL6="",KM6=""), "", IF(AND(KL$3=KL6,KM$3=KM6), 3, IF(AND(KL$3=KM$3,KL6=KM6), 2, IF(OR(AND(KL$3>KM$3,KL6>KM6), AND(KL$3<KM$3,KL6<KM6)), 1, 0)))) | KP6: OMAR CARDENAS | KQ6: 1 | KR6: 1 | KS6: =IF(OR(KQ$3="",KR$3="",KQ6="",KR6=""), "", IF(AND(KQ$3=KQ6,KR$3=KR6), 3, IF(AND(KQ$3=KR$3,KQ6=KR6), 2, IF(OR(AND(KQ$3>KR$3,KQ6>KR6), AND(KQ$3<KR$3,KQ6<KR6)), 1, 0)))) | KU6: OMAR CARDENAS | KV6: 2 | KW6: 2 | KX6: =IF(OR(KV$3="",KW$3="",KV6="",KW6=""), "", IF(AND(KV$3=KV6,KW$3=KW6), 3, IF(AND(KV$3=KW$3,KV6=KW6), 2, IF(OR(AND(KV$3>KW$3,KV6>KW6), AND(KV$3<KW$3,KV6<KW6)), 1, 0)))) | KZ6: OMAR CARDENAS | LA6: 0 | LB6: 2 | LC6: =IF(OR(LA$3="",LB$3="",LA6="",LB6=""), "", IF(AND(LA$3=LA6,LB$3=LB6), 3, IF(AND(LA$3=LB$3,LA6=LB6), 2, IF(OR(AND(LA$3>LB$3,LA6>LB6), AND(LA$3<LB$3,LA6<LB6)), 1, 0)))) | LE6: OMAR CARDENAS | LF6: 1 | LG6: 2 | LH6: =IF(OR(LF$3="",LG$3="",LF6="",LG6=""), "", IF(AND(LF$3=LF6,LG$3=LG6), 3, IF(AND(LF$3=LG$3,LF6=LG6), 2, IF(OR(AND(LF$3>LG$3,LF6>LG6), AND(LF$3<LG$3,LF6<LG6)), 1, 0)))) | LJ6: OMAR CARDENAS | LK6: 0 | LL6: 2 | LM6: =IF(OR(LK$3="",LL$3="",LK6="",LL6=""), "", IF(AND(LK$3=LK6,LL$3=LL6), 3, IF(AND(LK$3=LL$3,LK6=LL6), 2, IF(OR(AND(LK$3>LL$3,LK6>LL6), AND(LK$3<LL$3,LK6<LL6)), 1, 0)))) | LO6: OMAR CARDENAS | LP6: 1 | LQ6: 0 | LR6: =IF(OR(LP$3="",LQ$3="",LP6="",LQ6=""), "", IF(AND(LP$3=LP6,LQ$3=LQ6), 3, IF(AND(LP$3=LQ$3,LP6=LQ6), 2, IF(OR(AND(LP$3>LQ$3,LP6>LQ6), AND(LP$3<LQ$3,LP6<LQ6)), 1, 0)))) | LT6: OMAR CARDENAS | LU6: 0 | LV6: 3 | LW6: =IF(OR(LU$3="",LV$3="",LU6="",LV6=""), "", IF(AND(LU$3=LU6,LV$3=LV6), 3, IF(AND(LU$3=LV$3,LU6=LV6), 2, IF(OR(AND(LU$3>LV$3,LU6>LV6), AND(LU$3<LV$3,LU6<LV6)), 1, 0)))) | LY6: OMAR CARDENAS | LZ6: 2 | MA6: 1 | MB6: =IF(OR(LZ$3="",MA$3="",LZ6="",MA6=""), "", IF(AND(LZ$3=LZ6,MA$3=MA6), 3, IF(AND(LZ$3=MA$3,LZ6=MA6), 2, IF(OR(AND(LZ$3>MA$3,LZ6>MA6), AND(LZ$3<MA$3,LZ6<MA6)), 1, 0)))) | MD6: OMAR CARDENAS | ME6: 1 | MF6: 1 | MG6: =IF(OR(ME$3="",MF$3="",ME6="",MF6=""), "", IF(AND(ME$3=ME6,MF$3=MF6), 3, IF(AND(ME$3=MF$3,ME6=MF6), 2, IF(OR(AND(ME$3>MF$3,ME6>MF6), AND(ME$3<MF$3,ME6<MF6)), 1, 0)))) | MI6: OMAR CARDENAS | MJ6: 0 | MK6: 1 | ML6: =IF(OR(MJ$3="",MK$3="",MJ6="",MK6=""), "", IF(AND(MJ$3=MJ6,MK$3=MK6), 3, IF(AND(MJ$3=MK$3,MJ6=MK6), 2, IF(OR(AND(MJ$3>MK$3,MJ6>MK6), AND(MJ$3<MK$3,MJ6<MK6)), 1, 0)))) | MN6: OMAR CARDENAS | MO6: 1 | MP6: 1 | MQ6: =IF(OR(MO$3="",MP$3="",MO6="",MP6=""), "", IF(AND(MO$3=MO6,MP$3=MP6), 3, IF(AND(MO$3=MP$3,MO6=MP6), 2, IF(OR(AND(MO$3>MP$3,MO6>MP6), AND(MO$3<MP$3,MO6<MP6)), 1, 0)))) | MS6: OMAR CARDENAS | MT6: 0 | MU6: 3 | MV6: =IF(OR(MT$3="",MU$3="",MT6="",MU6=""), "", IF(AND(MT$3=MT6,MU$3=MU6), 3, IF(AND(MT$3=MU$3,MT6=MU6), 2, IF(OR(AND(MT$3>MU$3,MT6>MU6), AND(MT$3<MU$3,MT6<MU6)), 1, 0)))) | MX6: OMAR CARDENAS | MY6: PORTUGAL | NA6: FRANCIA | NC6: ESPAÑA | NE6: INGLATERRA | NG6: KILIAM MBAPE | NI6: =SUM(E6,J6,O6,T6,Y6,AD6,AI6,AN6,AS6,AX6,BC6,BH6,BM6,BR6,,BW6,CB6,CG6,CL6,CQ6,CV6,DA6,DF6,DK6,DP6,DU6,DZ6,EE6,EJ6,EO6,ET6,EY6,FD6,FI6,FN6,FS6,FX6,GC6,GH6,GM6,GR6,GW6,HB6,HG6,HL6,HQ6,HV6,IA6,IF6,IK6,IP6,IU6,IZ6,JE6,JJ6,JO6,JT6,JY6,KD6,KI6,KN6,KS6,KX6,LC6,LH6,LM6,LR6,LW6,MB6,MG6,ML6,MQ6,MV6,MZ6,NB6,ND6,NF6,NH6,) -> 7
A7: 4 | B7: JUAN MISAS | C7: 2 | D7: 0 | E7: =IF(OR(C$3="",D$3="",C7="",D7=""), "", IF(AND(C$3=C7,D$3=D7), 3, IF(AND(C$3=D$3,C7=D7), 2, IF(OR(AND(C$3>D$3,C7>D7), AND(C$3<D$3,C7<D7)), 1, 0)))) -> 3 | G7: JUAN MISAS | H7: 2 | I7: 1 | J7: =IF(OR(H$3="",I$3="",H7="",I7=""), "", IF(AND(H$3=H7,I$3=I7), 3, IF(AND(H$3=I$3,H7=I7), 2, IF(OR(AND(H$3>I$3,H7>I7), AND(H$3<I$3,H7<I7)), 1, 0)))) -> 3 | L7: JUAN MISAS | M7: 2 | N7: 1 | O7: =IF(OR(M$3="",N$3="",M7="",N7=""), "", IF(AND(M$3=M7,N$3=N7), 3, IF(AND(M$3=N$3,M7=N7), 2, IF(OR(AND(M$3>N$3,M7>N7), AND(M$3<N$3,M7<N7)), 1, 0)))) -> 0 | Q7: JUAN MISAS | R7: 1 | S7: 1 | T7: =IF(OR(R$3="",S$3="",R7="",S7=""), "", IF(AND(R$3=R7,S$3=S7), 3, IF(AND(R$3=S$3,R7=S7), 2, IF(OR(AND(R$3>S$3,R7>S7), AND(R$3<S$3,R7<S7)), 1, 0)))) -> 0 | V7: JUAN MISAS | W7: 0 | X7: 2 | Y7: =IF(OR(W$3="",X$3="",W7="",X7=""), "", IF(AND(W$3=W7,X$3=X7), 3, IF(AND(W$3=X$3,W7=X7), 2, IF(OR(AND(W$3>X$3,W7>X7), AND(W$3<X$3,W7<X7)), 1, 0)))) -> 0 | AA7: JUAN MISAS | AB7: 2 | AC7: 1 | AD7: =IF(OR(AB$3="",AC$3="",AB7="",AC7=""), "", IF(AND(AB$3=AB7,AC$3=AC7), 3, IF(AND(AB$3=AC$3,AB7=AC7), 2, IF(OR(AND(AB$3>AC$3,AB7>AC7), AND(AB$3<AC$3,AB7<AC7)), 1, 0)))) -> 0 | AF7: JUAN MISAS | AG7: 0 | AH7: 2 | AI7: =IF(OR(AG$3="",AH$3="",AG7="",AH7=""), "", IF(AND(AG$3=AG7,AH$3=AH7), 3, IF(AND(AG$3=AH$3,AG7=AH7), 2, IF(OR(AND(AG$3>AH$3,AG7>AH7), AND(AG$3<AH$3,AG7<AH7)), 1, 0)))) | AK7: JUAN MISAS | AL7: 1 | AM7: 3 | AN7: =IF(OR(AL$3="",AM$3="",AL7="",AM7=""), "", IF(AND(AL$3=AL7,AM$3=AM7), 3, IF(AND(AL$3=AM$3,AL7=AM7), 2, IF(OR(AND(AL$3>AM$3,AL7>AM7), AND(AL$3<AM$3,AL7<AM7)), 1, 0)))) | AP7: JUAN MISAS | AQ7: 3 | AR7: 0 | AS7: =IF(OR(AQ$3="",AR$3="",AQ7="",AR7=""), "", IF(AND(AQ$3=AQ7,AR$3=AR7), 3, IF(AND(AQ$3=AR$3,AQ7=AR7), 2, IF(OR(AND(AQ$3>AR$3,AQ7>AR7), AND(AQ$3<AR$3,AQ7<AR7)), 1, 0)))) | AU7: JUAN MISAS | AV7: 2 | AW7: 1 | AX7: =IF(OR(AV$3="",AW$3="",AV7="",AW7=""), "", IF(AND(AV$3=AV7,AW$3=AW7), 3, IF(AND(AV$3=AW$3,AV7=AW7), 2, IF(OR(AND(AV$3>AW$3,AV7>AW7), AND(AV$3<AW$3,AV7<AW7)), 1, 0)))) | AZ7: JUAN MISAS | BA7: 0 | BB7: 1 | BC7: =IF(OR(BA$3="",BB$3="",BA7="",BB7=""), "", IF(AND(BA$3=BA7,BB$3=BB7), 3, IF(AND(BA$3=BB$3,BA7=BB7), 2, IF(OR(AND(BA$3>BB$3,BA7>BB7), AND(BA$3<BB$3,BA7<BB7)), 1, 0)))) | BE7: JUAN MISAS | BF7: 2 | BG7: 1 | BH7: =IF(OR(BF$3="",BG$3="",BF7="",BG7=""), "", IF(AND(BF$3=BF7,BG$3=BG7), 3, IF(AND(BF$3=BG$3,BF7=BG7), 2, IF(OR(AND(BF$3>BG$3,BF7>BG7), AND(BF$3<BG$3,BF7<BG7)), 1, 0)))) | BJ7: JUAN MISAS | BK7: 4 | BL7: 0 | BM7: =IF(OR(BK$3="",BL$3="",BK7="",BL7=""), "", IF(AND(BK$3=BK7,BL$3=BL7), 3, IF(AND(BK$3=BL$3,BK7=BL7), 2, IF(OR(AND(BK$3>BL$3,BK7>BL7), AND(BK$3<BL$3,BK7<BL7)), 1, 0)))) | BO7: JUAN MISAS | BP7: 2 | BQ7: 1 | BR7: =IF(OR(BP$3="",BQ$3="",BP7="",BQ7=""), "", IF(AND(BP$3=BP7,BQ$3=BQ7), 3, IF(AND(BP$3=BQ$3,BP7=BQ7), 2, IF(OR(AND(BP$3>BQ$3,BP7>BQ7), AND(BP$3<BQ$3,BP7<BQ7)), 1, 0)))) | BT7: JUAN MISAS | BU7: 0 | BV7: 2 | BW7: =IF(OR(BU$3="",BV$3="",BU7="",BV7=""), "", IF(AND(BU$3=BU7,BV$3=BV7), 3, IF(AND(BU$3=BV$3,BU7=BV7), 2, IF(OR(AND(BU$3>BV$3,BU7>BV7), AND(BU$3<BV$3,BU7<BV7)), 1, 0)))) | BY7: JUAN MISAS | BZ7: 2 | CA7: 0 | CB7: =IF(OR(BZ$3="",CA$3="",BZ7="",CA7=""), "", IF(AND(BZ$3=BZ7,CA$3=CA7), 3, IF(AND(BZ$3=CA$3,BZ7=CA7), 2, IF(OR(AND(BZ$3>CA$3,BZ7>CA7), AND(BZ$3<CA$3,BZ7<CA7)), 1, 0)))) | CD7: JUAN MISAS | CE7: 2 | CF7: 0 | CG7: =IF(OR(CE$3="",CF$3="",CE7="",CF7=""), "", IF(AND(CE$3=CE7,CF$3=CF7), 3, IF(AND(CE$3=CF$3,CE7=CF7), 2, IF(OR(AND(CE$3>CF$3,CE7>CF7), AND(CE$3<CF$3,CE7<CF7)), 1, 0)))) | CI7: JUAN MISAS | CJ7: 1 | CK7: 3 | CL7: =IF(OR(CJ$3="",CK$3="",CJ7="",CK7=""), "", IF(AND(CJ$3=CJ7,CK$3=CK7), 3, IF(AND(CJ$3=CK$3,CJ7=CK7), 2, IF(OR(AND(CJ$3>CK$3,CJ7>CK7), AND(CJ$3<CK$3,CJ7<CK7)), 1, 0)))) | CN7: JUAN MISAS | CO7: 3 | CP7: 0 | CQ7: =IF(OR(CO$3="",CP$3="",CO7="",CP7=""), "", IF(AND(CO$3=CO7,CP$3=CP7), 3, IF(AND(CO$3=CP$3,CO7=CP7), 2, IF(OR(AND(CO$3>CP$3,CO7>CP7), AND(CO$3<CP$3,CO7<CP7)), 1, 0)))) | CS7: JUAN MISAS | CT7: 2 | CU7: 0 | CV7: =IF(OR(CT$3="",CU$3="",CT7="",CU7=""), "", IF(AND(CT$3=CT7,CU$3=CU7), 3, IF(AND(CT$3=CU$3,CT7=CU7), 2, IF(OR(AND(CT$3>CU$3,CT7>CU7), AND(CT$3<CU$3,CT7<CU7)), 1, 0)))) | CX7: JUAN MISAS | CY7: 3 | CZ7: 0 | DA7: =IF(OR(CY$3="",CZ$3="",CY7="",CZ7=""), "", IF(AND(CY$3=CY7,CZ$3=CZ7), 3, IF(AND(CY$3=CZ$3,CY7=CZ7), 2, IF(OR(AND(CY$3>CZ$3,CY7>CZ7), AND(CY$3<CZ$3,CY7<CZ7)), 1, 0)))) | DC7: JUAN MISAS | DD7: 2 | DE7: 1 | DF7: =IF(OR(DD$3="",DE$3="",DD7="",DE7=""), "", IF(AND(DD$3=DD7,DE$3=DE7), 3, IF(AND(DD$3=DE$3,DD7=DE7), 2, IF(OR(AND(DD$3>DE$3,DD7>DE7), AND(DD$3<DE$3,DD7<DE7)), 1, 0)))) | DH7: JUAN MISAS | DI7: 2 | DJ7: 2 | DK7: =IF(OR(DI$3="",DJ$3="",DI7="",DJ7=""), "", IF(AND(DI$3=DI7,DJ$3=DJ7), 3, IF(AND(DI$3=DJ$3,DI7=DJ7), 2, IF(OR(AND(DI$3>DJ$3,DI7>DJ7), AND(DI$3<DJ$3,DI7<DJ7)), 1, 0)))) | DM7: JUAN MISAS | DN7: 0 | DO7: 3 | DP7: =IF(OR(DN$3="",DO$3="",DN7="",DO7=""), "", IF(AND(DN$3=DN7,DO$3=DO7), 3, IF(AND(DN$3=DO$3,DN7=DO7), 2, IF(OR(AND(DN$3>DO$3,DN7>DO7), AND(DN$3<DO$3,DN7<DO7)), 1, 0)))) | DR7: JUAN MISAS | DS7: 1 | DT7: 0 | DU7: =IF(OR(DS$3="",DT$3="",DS7="",DT7=""), "", IF(AND(DS$3=DS7,DT$3=DT7), 3, IF(AND(DS$3=DT$3,DS7=DT7), 2, IF(OR(AND(DS$3>DT$3,DS7>DT7), AND(DS$3<DT$3,DS7<DT7)), 1, 0)))) | DW7: JUAN MISAS | DX7: 2 | DY7: 2 | DZ7: =IF(OR(DX$3="",DY$3="",DX7="",DY7=""), "", IF(AND(DX$3=DX7,DY$3=DY7), 3, IF(AND(DX$3=DY$3,DX7=DY7), 2, IF(OR(AND(DX$3>DY$3,DX7>DY7), AND(DX$3<DY$3,DX7<DY7)), 1, 0)))) | EB7: JUAN MISAS | EC7: 2 | ED7: 1 | EE7: =IF(OR(EC$3="",ED$3="",EC7="",ED7=""), "", IF(AND(EC$3=EC7,ED$3=ED7), 3, IF(AND(EC$3=ED$3,EC7=ED7), 2, IF(OR(AND(EC$3>ED$3,EC7>ED7), AND(EC$3<ED$3,EC7<ED7)), 1, 0)))) | EG7: JUAN MISAS | EH7: 1 | EI7: 1 | EJ7: =IF(OR(EH$3="",EI$3="",EH7="",EI7=""), "", IF(AND(EH$3=EH7,EI$3=EI7), 3, IF(AND(EH$3=EI$3,EH7=EI7), 2, IF(OR(AND(EH$3>EI$3,EH7>EI7), AND(EH$3<EI$3,EH7<EI7)), 1, 0)))) | EL7: JUAN MISAS | EM7: 2 | EN7: 1 | EO7: =IF(OR(EM$3="",EN$3="",EM7="",EN7=""), "", IF(AND(EM$3=EM7,EN$3=EN7), 3, IF(AND(EM$3=EN$3,EM7=EN7), 2, IF(OR(AND(EM$3>EN$3,EM7>EN7), AND(EM$3<EN$3,EM7<EN7)), 1, 0)))) | EQ7: JUAN MISAS | ER7: 1 | ES7: 2 | ET7: =IF(OR(ER$3="",ES$3="",ER7="",ES7=""), "", IF(AND(ER$3=ER7,ES$3=ES7), 3, IF(AND(ER$3=ES$3,ER7=ES7), 2, IF(OR(AND(ER$3>ES$3,ER7>ES7), AND(ER$3<ES$3,ER7<ES7)), 1, 0)))) | EV7: JUAN MISAS | EW7: 5 | EX7: 0 | EY7: =IF(OR(EW$3="",EX$3="",EW7="",EX7=""), "", IF(AND(EW$3=EW7,EX$3=EX7), 3, IF(AND(EW$3=EX$3,EW7=EX7), 2, IF(OR(AND(EW$3>EX$3,EW7>EX7), AND(EW$3<EX$3,EW7<EX7)), 1, 0)))) | FA7: JUAN MISAS | FB7: 0 | FC7: 1 | FD7: =IF(OR(FB$3="",FC$3="",FB7="",FC7=""), "", IF(AND(FB$3=FB7,FC$3=FC7), 3, IF(AND(FB$3=FC$3,FB7=FC7), 2, IF(OR(AND(FB$3>FC$3,FB7>FC7), AND(FB$3<FC$3,FB7<FC7)), 1, 0)))) | FF7: JUAN MISAS | FG7: 1 | FH7: 0 | FI7: =IF(OR(FG$3="",FH$3="",FG7="",FH7=""), "", IF(AND(FG$3=FG7,FH$3=FH7), 3, IF(AND(FG$3=FH$3,FG7=FH7), 2, IF(OR(AND(FG$3>FH$3,FG7>FH7), AND(FG$3<FH$3,FG7<FH7)), 1, 0)))) | FK7: JUAN MISAS | FL7: 3 | FM7: 0 | FN7: =IF(OR(FL$3="",FM$3="",FL7="",FM7=""), "", IF(AND(FL$3=FL7,FM$3=FM7), 3, IF(AND(FL$3=FM$3,FL7=FM7), 2, IF(OR(AND(FL$3>FM$3,FL7>FM7), AND(FL$3<FM$3,FL7<FM7)), 1, 0)))) | FP7: JUAN MISAS | FQ7: 2 | FR7: 0 | FS7: =IF(OR(FQ$3="",FR$3="",FQ7="",FR7=""), "", IF(AND(FQ$3=FQ7,FR$3=FR7), 3, IF(AND(FQ$3=FR$3,FQ7=FR7), 2, IF(OR(AND(FQ$3>FR$3,FQ7>FR7), AND(FQ$3<FR$3,FQ7<FR7)), 1, 0)))) | FU7: JUAN MISAS | FV7: 1 | FW7: 2 | FX7: =IF(OR(FV$3="",FW$3="",FV7="",FW7=""), "", IF(AND(FV$3=FV7,FW$3=FW7), 3, IF(AND(FV$3=FW$3,FV7=FW7), 2, IF(OR(AND(FV$3>FW$3,FV7>FW7), AND(FV$3<FW$3,FV7<FW7)), 1, 0)))) | FZ7: JUAN MISAS | GA7: 2 | GB7: 0 | GC7: =IF(OR(GA$3="",GB$3="",GA7="",GB7=""), "", IF(AND(GA$3=GA7,GB$3=GB7), 3, IF(AND(GA$3=GB$3,GA7=GB7), 2, IF(OR(AND(GA$3>GB$3,GA7>GB7), AND(GA$3<GB$3,GA7<GB7)), 1, 0)))) | GE7: JUAN MISAS | GF7: 2 | GG7: 1 | GH7: =IF(OR(GF$3="",GG$3="",GF7="",GG7=""), "", IF(AND(GF$3=GF7,GG$3=GG7), 3, IF(AND(GF$3=GG$3,GF7=GG7), 2, IF(OR(AND(GF$3>GG$3,GF7>GG7), AND(GF$3<GG$3,GF7<GG7)), 1, 0)))) | GJ7: JUAN MISAS | GK7: 2 | GL7: 0 | GM7: =IF(OR(GK$3="",GL$3="",GK7="",GL7=""), "", IF(AND(GK$3=GK7,GL$3=GL7), 3, IF(AND(GK$3=GL$3,GK7=GL7), 2, IF(OR(AND(GK$3>GL$3,GK7>GL7), AND(GK$3<GL$3,GK7<GL7)), 1, 0)))) | GO7: JUAN MISAS | GP7: 0 | GQ7: 2 | GR7: =IF(OR(GP$3="",GQ$3="",GP7="",GQ7=""), "", IF(AND(GP$3=GP7,GQ$3=GQ7), 3, IF(AND(GP$3=GQ$3,GP7=GQ7), 2, IF(OR(AND(GP$3>GQ$3,GP7>GQ7), AND(GP$3<GQ$3,GP7<GQ7)), 1, 0)))) | GT7: JUAN MISAS | GU7: 2 | GV7: 0 | GW7: =IF(OR(GU$3="",GV$3="",GU7="",GV7=""), "", IF(AND(GU$3=GU7,GV$3=GV7), 3, IF(AND(GU$3=GV$3,GU7=GV7), 2, IF(OR(AND(GU$3>GV$3,GU7>GV7), AND(GU$3<GV$3,GU7<GV7)), 1, 0)))) | GY7: JUAN MISAS | GZ7: 3 | HA7: 0 | HB7: =IF(OR(GZ$3="",HA$3="",GZ7="",HA7=""), "", IF(AND(GZ$3=GZ7,HA$3=HA7), 3, IF(AND(GZ$3=HA$3,GZ7=HA7), 2, IF(OR(AND(GZ$3>HA$3,GZ7>HA7), AND(GZ$3<HA$3,GZ7<HA7)), 1, 0)))) | HD7: JUAN MISAS | HE7: 2 | HF7: 1 | HG7: =IF(OR(HE$3="",HF$3="",HE7="",HF7=""), "", IF(AND(HE$3=HE7,HF$3=HF7), 3, IF(AND(HE$3=HF$3,HE7=HF7), 2, IF(OR(AND(HE$3>HF$3,HE7>HF7), AND(HE$3<HF$3,HE7<HF7)), 1, 0)))) | HI7: JUAN MISAS | HJ7: 2 | HK7: 2 | HL7: =IF(OR(HJ$3="",HK$3="",HJ7="",HK7=""), "", IF(AND(HJ$3=HJ7,HK$3=HK7), 3, IF(AND(HJ$3=HK$3,HJ7=HK7), 2, IF(OR(AND(HJ$3>HK$3,HJ7>HK7), AND(HJ$3<HK$3,HJ7<HK7)), 1, 0)))) | HN7: JUAN MISAS | HO7: 3 | HP7: 0 | HQ7: =IF(OR(HO$3="",HP$3="",HO7="",HP7=""), "", IF(AND(HO$3=HO7,HP$3=HP7), 3, IF(AND(HO$3=HP$3,HO7=HP7), 2, IF(OR(AND(HO$3>HP$3,HO7>HP7), AND(HO$3<HP$3,HO7<HP7)), 1, 0)))) | HS7: JUAN MISAS | HT7: 2 | HU7: 0 | HV7: =IF(OR(HT$3="",HU$3="",HT7="",HU7=""), "", IF(AND(HT$3=HT7,HU$3=HU7), 3, IF(AND(HT$3=HU$3,HT7=HU7), 2, IF(OR(AND(HT$3>HU$3,HT7>HU7), AND(HT$3<HU$3,HT7<HU7)), 1, 0)))) | HX7: JUAN MISAS | HY7: 0 | HZ7: 2 | IA7: =IF(OR(HY$3="",HZ$3="",HY7="",HZ7=""), "", IF(AND(HY$3=HY7,HZ$3=HZ7), 3, IF(AND(HY$3=HZ$3,HY7=HZ7), 2, IF(OR(AND(HY$3>HZ$3,HY7>HZ7), AND(HY$3<HZ$3,HY7<HZ7)), 1, 0)))) | IC7: JUAN MISAS | ID7: 2 | IE7: 0 | IF7: =IF(OR(ID$3="",IE$3="",ID7="",IE7=""), "", IF(AND(ID$3=ID7,IE$3=IE7), 3, IF(AND(ID$3=IE$3,ID7=IE7), 2, IF(OR(AND(ID$3>IE$3,ID7>IE7), AND(ID$3<IE$3,ID7<IE7)), 1, 0)))) | IH7: JUAN MISAS | II7: 1 | IJ7: 1 | IK7: =IF(OR(II$3="",IJ$3="",II7="",IJ7=""), "", IF(AND(II$3=II7,IJ$3=IJ7), 3, IF(AND(II$3=IJ$3,II7=IJ7), 2, IF(OR(AND(II$3>IJ$3,II7>IJ7), AND(II$3<IJ$3,II7<IJ7)), 1, 0)))) | IM7: JUAN MISAS | IN7: 2 | IO7: 1 | IP7: =IF(OR(IN$3="",IO$3="",IN7="",IO7=""), "", IF(AND(IN$3=IN7,IO$3=IO7), 3, IF(AND(IN$3=IO$3,IN7=IO7), 2, IF(OR(AND(IN$3>IO$3,IN7>IO7), AND(IN$3<IO$3,IN7<IO7)), 1, 0)))) | IR7: JUAN MISAS | IS7: 2 | IT7: 0 | IU7: =IF(OR(IS$3="",IT$3="",IS7="",IT7=""), "", IF(AND(IS$3=IS7,IT$3=IT7), 3, IF(AND(IS$3=IT$3,IS7=IT7), 2, IF(OR(AND(IS$3>IT$3,IS7>IT7), AND(IS$3<IT$3,IS7<IT7)), 1, 0)))) | IW7: JUAN MISAS | IX7: 1 | IY7: 3 | IZ7: =IF(OR(IX$3="",IY$3="",IX7="",IY7=""), "", IF(AND(IX$3=IX7,IY$3=IY7), 3, IF(AND(IX$3=IY$3,IX7=IY7), 2, IF(OR(AND(IX$3>IY$3,IX7>IY7), AND(IX$3<IY$3,IX7<IY7)), 1, 0)))) | JB7: JUAN MISAS | JC7: 1 | JD7: 2 | JE7: =IF(OR(JC$3="",JD$3="",JC7="",JD7=""), "", IF(AND(JC$3=JC7,JD$3=JD7), 3, IF(AND(JC$3=JD$3,JC7=JD7), 2, IF(OR(AND(JC$3>JD$3,JC7>JD7), AND(JC$3<JD$3,JC7<JD7)), 1, 0)))) | JG7: JUAN MISAS | JH7: 1 | JI7: 1 | JJ7: =IF(OR(JH$3="",JI$3="",JH7="",JI7=""), "", IF(AND(JH$3=JH7,JI$3=JI7), 3, IF(AND(JH$3=JI$3,JH7=JI7), 2, IF(OR(AND(JH$3>JI$3,JH7>JI7), AND(JH$3<JI$3,JH7<JI7)), 1, 0)))) | JL7: JUAN MISAS | JM7: 1 | JN7: 2 | JO7: =IF(OR(JM$3="",JN$3="",JM7="",JN7=""), "", IF(AND(JM$3=JM7,JN$3=JN7), 3, IF(AND(JM$3=JN$3,JM7=JN7), 2, IF(OR(AND(JM$3>JN$3,JM7>JN7), AND(JM$3<JN$3,JM7<JN7)), 1, 0)))) | JQ7: JUAN MISAS | JR7: 1 | JS7: 2 | JT7: =IF(OR(JR$3="",JS$3="",JR7="",JS7=""), "", IF(AND(JR$3=JR7,JS$3=JS7), 3, IF(AND(JR$3=JS$3,JR7=JS7), 2, IF(OR(AND(JR$3>JS$3,JR7>JS7), AND(JR$3<JS$3,JR7<JS7)), 1, 0)))) | JV7: JUAN MISAS | JW7: 0 | JX7: 2 | JY7: =IF(OR(JW$3="",JX$3="",JW7="",JX7=""), "", IF(AND(JW$3=JW7,JX$3=JX7), 3, IF(AND(JW$3=JX$3,JW7=JX7), 2, IF(OR(AND(JW$3>JX$3,JW7>JX7), AND(JW$3<JX$3,JW7<JX7)), 1, 0)))) | KA7: JUAN MISAS | KB7: 1 | KC7: 0 | KD7: =IF(OR(KB$3="",KC$3="",KB7="",KC7=""), "", IF(AND(KB$3=KB7,KC$3=KC7), 3, IF(AND(KB$3=KC$3,KB7=KC7), 2, IF(OR(AND(KB$3>KC$3,KB7>KC7), AND(KB$3<KC$3,KB7<KC7)), 1, 0)))) | KF7: JUAN MISAS | KG7: 1 | KH7: 1 | KI7: =IF(OR(KG$3="",KH$3="",KG7="",KH7=""), "", IF(AND(KG$3=KG7,KH$3=KH7), 3, IF(AND(KG$3=KH$3,KG7=KH7), 2, IF(OR(AND(KG$3>KH$3,KG7>KH7), AND(KG$3<KH$3,KG7<KH7)), 1, 0)))) | KK7: JUAN MISAS | KL7: 2 | KM7: 0 | KN7: =IF(OR(KL$3="",KM$3="",KL7="",KM7=""), "", IF(AND(KL$3=KL7,KM$3=KM7), 3, IF(AND(KL$3=KM$3,KL7=KM7), 2, IF(OR(AND(KL$3>KM$3,KL7>KM7), AND(KL$3<KM$3,KL7<KM7)), 1, 0)))) | KP7: JUAN MISAS | KQ7: 1 | KR7: 3 | KS7: =IF(OR(KQ$3="",KR$3="",KQ7="",KR7=""), "", IF(AND(KQ$3=KQ7,KR$3=KR7), 3, IF(AND(KQ$3=KR$3,KQ7=KR7), 2, IF(OR(AND(KQ$3>KR$3,KQ7>KR7), AND(KQ$3<KR$3,KQ7<KR7)), 1, 0)))) | KU7: JUAN MISAS | KV7: 2 | KW7: 1 | KX7: =IF(OR(KV$3="",KW$3="",KV7="",KW7=""), "", IF(AND(KV$3=KV7,KW$3=KW7), 3, IF(AND(KV$3=KW$3,KV7=KW7), 2, IF(OR(AND(KV$3>KW$3,KV7>KW7), AND(KV$3<KW$3,KV7<KW7)), 1, 0)))) | KZ7: JUAN MISAS | LA7: 1 | LB7: 2 | LC7: =IF(OR(LA$3="",LB$3="",LA7="",LB7=""), "", IF(AND(LA$3=LA7,LB$3=LB7), 3, IF(AND(LA$3=LB$3,LA7=LB7), 2, IF(OR(AND(LA$3>LB$3,LA7>LB7), AND(LA$3<LB$3,LA7<LB7)), 1, 0)))) | LE7: JUAN MISAS | LF7: 2 | LG7: 2 | LH7: =IF(OR(LF$3="",LG$3="",LF7="",LG7=""), "", IF(AND(LF$3=LF7,LG$3=LG7), 3, IF(AND(LF$3=LG$3,LF7=LG7), 2, IF(OR(AND(LF$3>LG$3,LF7>LG7), AND(LF$3<LG$3,LF7<LG7)), 1, 0)))) | LJ7: JUAN MISAS | LK7: 0 | LL7: 2 | LM7: =IF(OR(LK$3="",LL$3="",LK7="",LL7=""), "", IF(AND(LK$3=LK7,LL$3=LL7), 3, IF(AND(LK$3=LL$3,LK7=LL7), 2, IF(OR(AND(LK$3>LL$3,LK7>LL7), AND(LK$3<LL$3,LK7<LL7)), 1, 0)))) | LO7: JUAN MISAS | LP7: 1 | LQ7: 1 | LR7: =IF(OR(LP$3="",LQ$3="",LP7="",LQ7=""), "", IF(AND(LP$3=LP7,LQ$3=LQ7), 3, IF(AND(LP$3=LQ$3,LP7=LQ7), 2, IF(OR(AND(LP$3>LQ$3,LP7>LQ7), AND(LP$3<LQ$3,LP7<LQ7)), 1, 0)))) | LT7: JUAN MISAS | LU7: 0 | LV7: 2 | LW7: =IF(OR(LU$3="",LV$3="",LU7="",LV7=""), "", IF(AND(LU$3=LU7,LV$3=LV7), 3, IF(AND(LU$3=LV$3,LU7=LV7), 2, IF(OR(AND(LU$3>LV$3,LU7>LV7), AND(LU$3<LV$3,LU7<LV7)), 1, 0)))) | LY7: JUAN MISAS | LZ7: 1 | MA7: 0 | MB7: =IF(OR(LZ$3="",MA$3="",LZ7="",MA7=""), "", IF(AND(LZ$3=LZ7,MA$3=MA7), 3, IF(AND(LZ$3=MA$3,LZ7=MA7), 2, IF(OR(AND(LZ$3>MA$3,LZ7>MA7), AND(LZ$3<MA$3,LZ7<MA7)), 1, 0)))) | MD7: JUAN MISAS | ME7: 1 | MF7: 1 | MG7: =IF(OR(ME$3="",MF$3="",ME7="",MF7=""), "", IF(AND(ME$3=ME7,MF$3=MF7), 3, IF(AND(ME$3=MF$3,ME7=MF7), 2, IF(OR(AND(ME$3>MF$3,ME7>MF7), AND(ME$3<MF$3,ME7<MF7)), 1, 0)))) | MI7: JUAN MISAS | MJ7: 0 | MK7: 1 | ML7: =IF(OR(MJ$3="",MK$3="",MJ7="",MK7=""), "", IF(AND(MJ$3=MJ7,MK$3=MK7), 3, IF(AND(MJ$3=MK$3,MJ7=MK7), 2, IF(OR(AND(MJ$3>MK$3,MJ7>MK7), AND(MJ$3<MK$3,MJ7<MK7)), 1, 0)))) | MN7: JUAN MISAS | MO7: 1 | MP7: 2 | MQ7: =IF(OR(MO$3="",MP$3="",MO7="",MP7=""), "", IF(AND(MO$3=MO7,MP$3=MP7), 3, IF(AND(MO$3=MP$3,MO7=MP7), 2, IF(OR(AND(MO$3>MP$3,MO7>MP7), AND(MO$3<MP$3,MO7<MP7)), 1, 0)))) | MS7: JUAN MISAS | MT7: 0 | MU7: 3 | MV7: =IF(OR(MT$3="",MU$3="",MT7="",MU7=""), "", IF(AND(MT$3=MT7,MU$3=MU7), 3, IF(AND(MT$3=MU$3,MT7=MU7), 2, IF(OR(AND(MT$3>MU$3,MT7>MU7), AND(MT$3<MU$3,MT7<MU7)), 1, 0)))) | MX7: JUAN MISAS | MY7: FRANCIA | NA7: ESPAÑA | NC7: BRASIL | NE7: PORTUGAL | NG7: JULIAN ALVAREZ | NI7: =SUM(E7,J7,O7,T7,Y7,AD7,AI7,AN7,AS7,AX7,BC7,BH7,BM7,BR7,,BW7,CB7,CG7,CL7,CQ7,CV7,DA7,DF7,DK7,DP7,DU7,DZ7,EE7,EJ7,EO7,ET7,EY7,FD7,FI7,FN7,FS7,FX7,GC7,GH7,GM7,GR7,GW7,HB7,HG7,HL7,HQ7,HV7,IA7,IF7,IK7,IP7,IU7,IZ7,JE7,JJ7,JO7,JT7,JY7,KD7,KI7,KN7,KS7,KX7,LC7,LH7,LM7,LR7,LW7,MB7,MG7,ML7,MQ7,MV7,MZ7,NB7,ND7,NF7,NH7,) -> 6
A8: 5 | B8: JUAN VASQUEZ | C8: 2 | D8: 1 | E8: =IF(OR(C$3="",D$3="",C8="",D8=""), "", IF(AND(C$3=C8,D$3=D8), 3, IF(AND(C$3=D$3,C8=D8), 2, IF(OR(AND(C$3>D$3,C8>D8), AND(C$3<D$3,C8<D8)), 1, 0)))) -> 1 | G8: JUAN VASQUEZ | H8: 1 | I8: 2 | J8: =IF(OR(H$3="",I$3="",H8="",I8=""), "", IF(AND(H$3=H8,I$3=I8), 3, IF(AND(H$3=I$3,H8=I8), 2, IF(OR(AND(H$3>I$3,H8>I8), AND(H$3<I$3,H8<I8)), 1, 0)))) -> 0 | L8: JUAN VASQUEZ | M8: 1 | N8: 1 | O8: =IF(OR(M$3="",N$3="",M8="",N8=""), "", IF(AND(M$3=M8,N$3=N8), 3, IF(AND(M$3=N$3,M8=N8), 2, IF(OR(AND(M$3>N$3,M8>N8), AND(M$3<N$3,M8<N8)), 1, 0)))) -> 3 | Q8: JUAN VASQUEZ | R8: 1 | S8: 0 | T8: =IF(OR(R$3="",S$3="",R8="",S8=""), "", IF(AND(R$3=R8,S$3=S8), 3, IF(AND(R$3=S$3,R8=S8), 2, IF(OR(AND(R$3>S$3,R8>S8), AND(R$3<S$3,R8<S8)), 1, 0)))) -> 1 | V8: JUAN VASQUEZ | W8: 1 | X8: 2 | Y8: =IF(OR(W$3="",X$3="",W8="",X8=""), "", IF(AND(W$3=W8,X$3=X8), 3, IF(AND(W$3=X$3,W8=X8), 2, IF(OR(AND(W$3>X$3,W8>X8), AND(W$3<X$3,W8<X8)), 1, 0)))) -> 0 | AA8: JUAN VASQUEZ | AB8: 2 | AC8: 2 | AD8: =IF(OR(AB$3="",AC$3="",AB8="",AC8=""), "", IF(AND(AB$3=AB8,AC$3=AC8), 3, IF(AND(AB$3=AC$3,AB8=AC8), 2, IF(OR(AND(AB$3>AC$3,AB8>AC8), AND(AB$3<AC$3,AB8<AC8)), 1, 0)))) -> 2 | AF8: JUAN VASQUEZ | AG8: 0 | AH8: 1 | AI8: =IF(OR(AG$3="",AH$3="",AG8="",AH8=""), "", IF(AND(AG$3=AG8,AH$3=AH8), 3, IF(AND(AG$3=AH$3,AG8=AH8), 2, IF(OR(AND(AG$3>AH$3,AG8>AH8), AND(AG$3<AH$3,AG8<AH8)), 1, 0)))) | AK8: JUAN VASQUEZ | AL8: 0 | AM8: 2 | AN8: =IF(OR(AL$3="",AM$3="",AL8="",AM8=""), "", IF(AND(AL$3=AL8,AM$3=AM8), 3, IF(AND(AL$3=AM$3,AL8=AM8), 2, IF(OR(AND(AL$3>AM$3,AL8>AM8), AND(AL$3<AM$3,AL8<AM8)), 1, 0)))) | AP8: JUAN VASQUEZ | AQ8: 3 | AR8: 0 | AS8: =IF(OR(AQ$3="",AR$3="",AQ8="",AR8=""), "", IF(AND(AQ$3=AQ8,AR$3=AR8), 3, IF(AND(AQ$3=AR$3,AQ8=AR8), 2, IF(OR(AND(AQ$3>AR$3,AQ8>AR8), AND(AQ$3<AR$3,AQ8<AR8)), 1, 0)))) | AU8: JUAN VASQUEZ | AV8: 1 | AW8: 2 | AX8: =IF(OR(AV$3="",AW$3="",AV8="",AW8=""), "", IF(AND(AV$3=AV8,AW$3=AW8), 3, IF(AND(AV$3=AW$3,AV8=AW8), 2, IF(OR(AND(AV$3>AW$3,AV8>AW8), AND(AV$3<AW$3,AV8<AW8)), 1, 0)))) | AZ8: JUAN VASQUEZ | BA8: 2 | BB8: 1 | BC8: =IF(OR(BA$3="",BB$3="",BA8="",BB8=""), "", IF(AND(BA$3=BA8,BB$3=BB8), 3, IF(AND(BA$3=BB$3,BA8=BB8), 2, IF(OR(AND(BA$3>BB$3,BA8>BB8), AND(BA$3<BB$3,BA8<BB8)), 1, 0)))) | BE8: JUAN VASQUEZ | BF8: 2 | BG8: 0 | BH8: =IF(OR(BF$3="",BG$3="",BF8="",BG8=""), "", IF(AND(BF$3=BF8,BG$3=BG8), 3, IF(AND(BF$3=BG$3,BF8=BG8), 2, IF(OR(AND(BF$3>BG$3,BF8>BG8), AND(BF$3<BG$3,BF8<BG8)), 1, 0)))) | BJ8: JUAN VASQUEZ | BK8: 3 | BL8: 1 | BM8: =IF(OR(BK$3="",BL$3="",BK8="",BL8=""), "", IF(AND(BK$3=BK8,BL$3=BL8), 3, IF(AND(BK$3=BL$3,BK8=BL8), 2, IF(OR(AND(BK$3>BL$3,BK8>BL8), AND(BK$3<BL$3,BK8<BL8)), 1, 0)))) | BO8: JUAN VASQUEZ | BP8: 3 | BQ8: 1 | BR8: =IF(OR(BP$3="",BQ$3="",BP8="",BQ8=""), "", IF(AND(BP$3=BP8,BQ$3=BQ8), 3, IF(AND(BP$3=BQ$3,BP8=BQ8), 2, IF(OR(AND(BP$3>BQ$3,BP8>BQ8), AND(BP$3<BQ$3,BP8<BQ8)), 1, 0)))) | BT8: JUAN VASQUEZ | BU8: 0 | BV8: 2 | BW8: =IF(OR(BU$3="",BV$3="",BU8="",BV8=""), "", IF(AND(BU$3=BU8,BV$3=BV8), 3, IF(AND(BU$3=BV$3,BU8=BV8), 2, IF(OR(AND(BU$3>BV$3,BU8>BV8), AND(BU$3<BV$3,BU8<BV8)), 1, 0)))) | BY8: JUAN VASQUEZ | BZ8: 1 | CA8: 0 | CB8: =IF(OR(BZ$3="",CA$3="",BZ8="",CA8=""), "", IF(AND(BZ$3=BZ8,CA$3=CA8), 3, IF(AND(BZ$3=CA$3,BZ8=CA8), 2, IF(OR(AND(BZ$3>CA$3,BZ8>CA8), AND(BZ$3<CA$3,BZ8<CA8)), 1, 0)))) | CD8: JUAN VASQUEZ | CE8: 4 | CF8: 0 | CG8: =IF(OR(CE$3="",CF$3="",CE8="",CF8=""), "", IF(AND(CE$3=CE8,CF$3=CF8), 3, IF(AND(CE$3=CF$3,CE8=CF8), 2, IF(OR(AND(CE$3>CF$3,CE8>CF8), AND(CE$3<CF$3,CE8<CF8)), 1, 0)))) | CI8: JUAN VASQUEZ | CJ8: 2 | CK8: 1 | CL8: =IF(OR(CJ$3="",CK$3="",CJ8="",CK8=""), "", IF(AND(CJ$3=CJ8,CK$3=CK8), 3, IF(AND(CJ$3=CK$3,CJ8=CK8), 2, IF(OR(AND(CJ$3>CK$3,CJ8>CK8), AND(CJ$3<CK$3,CJ8<CK8)), 1, 0)))) | CN8: JUAN VASQUEZ | CO8: 2 | CP8: 0 | CQ8: =IF(OR(CO$3="",CP$3="",CO8="",CP8=""), "", IF(AND(CO$3=CO8,CP$3=CP8), 3, IF(AND(CO$3=CP$3,CO8=CP8), 2, IF(OR(AND(CO$3>CP$3,CO8>CP8), AND(CO$3<CP$3,CO8<CP8)), 1, 0)))) | CS8: JUAN VASQUEZ | CT8: 2 | CU8: 1 | CV8: =IF(OR(CT$3="",CU$3="",CT8="",CU8=""), "", IF(AND(CT$3=CT8,CU$3=CU8), 3, IF(AND(CT$3=CU$3,CT8=CU8), 2, IF(OR(AND(CT$3>CU$3,CT8>CU8), AND(CT$3<CU$3,CT8<CU8)), 1, 0)))) | CX8: JUAN VASQUEZ | CY8: 3 | CZ8: 0 | DA8: =IF(OR(CY$3="",CZ$3="",CY8="",CZ8=""), "", IF(AND(CY$3=CY8,CZ$3=CZ8), 3, IF(AND(CY$3=CZ$3,CY8=CZ8), 2, IF(OR(AND(CY$3>CZ$3,CY8>CZ8), AND(CY$3<CZ$3,CY8<CZ8)), 1, 0)))) | DC8: JUAN VASQUEZ | DD8: 2 | DE8: 1 | DF8: =IF(OR(DD$3="",DE$3="",DD8="",DE8=""), "", IF(AND(DD$3=DD8,DE$3=DE8), 3, IF(AND(DD$3=DE$3,DD8=DE8), 2, IF(OR(AND(DD$3>DE$3,DD8>DE8), AND(DD$3<DE$3,DD8<DE8)), 1, 0)))) | DH8: JUAN VASQUEZ | DI8: 0 | DJ8: 1 | DK8: =IF(OR(DI$3="",DJ$3="",DI8="",DJ8=""), "", IF(AND(DI$3=DI8,DJ$3=DJ8), 3, IF(AND(DI$3=DJ$3,DI8=DJ8), 2, IF(OR(AND(DI$3>DJ$3,DI8>DJ8), AND(DI$3<DJ$3,DI8<DJ8)), 1, 0)))) | DM8: JUAN VASQUEZ | DN8: 0 | DO8: 2 | DP8: =IF(OR(DN$3="",DO$3="",DN8="",DO8=""), "", IF(AND(DN$3=DN8,DO$3=DO8), 3, IF(AND(DN$3=DO$3,DN8=DO8), 2, IF(OR(AND(DN$3>DO$3,DN8>DO8), AND(DN$3<DO$3,DN8<DO8)), 1, 0)))) | DR8: JUAN VASQUEZ | DS8: 1 | DT8: 2 | DU8: =IF(OR(DS$3="",DT$3="",DS8="",DT8=""), "", IF(AND(DS$3=DS8,DT$3=DT8), 3, IF(AND(DS$3=DT$3,DS8=DT8), 2, IF(OR(AND(DS$3>DT$3,DS8>DT8), AND(DS$3<DT$3,DS8<DT8)), 1, 0)))) | DW8: JUAN VASQUEZ | DX8: 0 | DY8: 1 | DZ8: =IF(OR(DX$3="",DY$3="",DX8="",DY8=""), "", IF(AND(DX$3=DX8,DY$3=DY8), 3, IF(AND(DX$3=DY$3,DX8=DY8), 2, IF(OR(AND(DX$3>DY$3,DX8>DY8), AND(DX$3<DY$3,DX8<DY8)), 1, 0)))) | EB8: JUAN VASQUEZ | EC8: 2 | ED8: 0 | EE8: =IF(OR(EC$3="",ED$3="",EC8="",ED8=""), "", IF(AND(EC$3=EC8,ED$3=ED8), 3, IF(AND(EC$3=ED$3,EC8=ED8), 2, IF(OR(AND(EC$3>ED$3,EC8>ED8), AND(EC$3<ED$3,EC8<ED8)), 1, 0)))) | EG8: JUAN VASQUEZ | EH8: 1 | EI8: 0 | EJ8: =IF(OR(EH$3="",EI$3="",EH8="",EI8=""), "", IF(AND(EH$3=EH8,EI$3=EI8), 3, IF(AND(EH$3=EI$3,EH8=EI8), 2, IF(OR(AND(EH$3>EI$3,EH8>EI8), AND(EH$3<EI$3,EH8<EI8)), 1, 0)))) | EL8: JUAN VASQUEZ | EM8: 2 | EN8: 1 | EO8: =IF(OR(EM$3="",EN$3="",EM8="",EN8=""), "", IF(AND(EM$3=EM8,EN$3=EN8), 3, IF(AND(EM$3=EN$3,EM8=EN8), 2, IF(OR(AND(EM$3>EN$3,EM8>EN8), AND(EM$3<EN$3,EM8<EN8)), 1, 0)))) | EQ8: JUAN VASQUEZ | ER8: 0 | ES8: 3 | ET8: =IF(OR(ER$3="",ES$3="",ER8="",ES8=""), "", IF(AND(ER$3=ER8,ES$3=ES8), 3, IF(AND(ER$3=ES$3,ER8=ES8), 2, IF(OR(AND(ER$3>ES$3,ER8>ES8), AND(ER$3<ES$3,ER8<ES8)), 1, 0)))) | EV8: JUAN VASQUEZ | EW8: 3 | EX8: 0 | EY8: =IF(OR(EW$3="",EX$3="",EW8="",EX8=""), "", IF(AND(EW$3=EW8,EX$3=EX8), 3, IF(AND(EW$3=EX$3,EW8=EX8), 2, IF(OR(AND(EW$3>EX$3,EW8>EX8), AND(EW$3<EX$3,EW8<EX8)), 1, 0)))) | FA8: JUAN VASQUEZ | FB8: 3 | FC8: 1 | FD8: =IF(OR(FB$3="",FC$3="",FB8="",FC8=""), "", IF(AND(FB$3=FB8,FC$3=FC8), 3, IF(AND(FB$3=FC$3,FB8=FC8), 2, IF(OR(AND(FB$3>FC$3,FB8>FC8), AND(FB$3<FC$3,FB8<FC8)), 1, 0)))) | FF8: JUAN VASQUEZ | FG8: 3 | FH8: 2 | FI8: =IF(OR(FG$3="",FH$3="",FG8="",FH8=""), "", IF(AND(FG$3=FG8,FH$3=FH8), 3, IF(AND(FG$3=FH$3,FG8=FH8), 2, IF(OR(AND(FG$3>FH$3,FG8>FH8), AND(FG$3<FH$3,FG8<FH8)), 1, 0)))) | FK8: JUAN VASQUEZ | FL8: 2 | FM8: 0 | FN8: =IF(OR(FL$3="",FM$3="",FL8="",FM8=""), "", IF(AND(FL$3=FL8,FM$3=FM8), 3, IF(AND(FL$3=FM$3,FL8=FM8), 2, IF(OR(AND(FL$3>FM$3,FL8>FM8), AND(FL$3<FM$3,FL8<FM8)), 1, 0)))) | FP8: JUAN VASQUEZ | FQ8: 1 | FR8: 0 | FS8: =IF(OR(FQ$3="",FR$3="",FQ8="",FR8=""), "", IF(AND(FQ$3=FQ8,FR$3=FR8), 3, IF(AND(FQ$3=FR$3,FQ8=FR8), 2, IF(OR(AND(FQ$3>FR$3,FQ8>FR8), AND(FQ$3<FR$3,FQ8<FR8)), 1, 0)))) | FU8: JUAN VASQUEZ | FV8: 0 | FW8: 3 | FX8: =IF(OR(FV$3="",FW$3="",FV8="",FW8=""), "", IF(AND(FV$3=FV8,FW$3=FW8), 3, IF(AND(FV$3=FW$3,FV8=FW8), 2, IF(OR(AND(FV$3>FW$3,FV8>FW8), AND(FV$3<FW$3,FV8<FW8)), 1, 0)))) | FZ8: JUAN VASQUEZ | GA8: 3 | GB8: 0 | GC8: =IF(OR(GA$3="",GB$3="",GA8="",GB8=""), "", IF(AND(GA$3=GA8,GB$3=GB8), 3, IF(AND(GA$3=GB$3,GA8=GB8), 2, IF(OR(AND(GA$3>GB$3,GA8>GB8), AND(GA$3<GB$3,GA8<GB8)), 1, 0)))) | GE8: JUAN VASQUEZ | GF8: 2 | GG8: 1 | GH8: =IF(OR(GF$3="",GG$3="",GF8="",GG8=""), "", IF(AND(GF$3=GF8,GG$3=GG8), 3, IF(AND(GF$3=GG$3,GF8=GG8), 2, IF(OR(AND(GF$3>GG$3,GF8>GG8), AND(GF$3<GG$3,GF8<GG8)), 1, 0)))) | GJ8: JUAN VASQUEZ | GK8: 1 | GL8: 0 | GM8: =IF(OR(GK$3="",GL$3="",GK8="",GL8=""), "", IF(AND(GK$3=GK8,GL$3=GL8), 3, IF(AND(GK$3=GL$3,GK8=GL8), 2, IF(OR(AND(GK$3>GL$3,GK8>GL8), AND(GK$3<GL$3,GK8<GL8)), 1, 0)))) | GO8: JUAN VASQUEZ | GP8: 1 | GQ8: 1 | GR8: =IF(OR(GP$3="",GQ$3="",GP8="",GQ8=""), "", IF(AND(GP$3=GP8,GQ$3=GQ8), 3, IF(AND(GP$3=GQ$3,GP8=GQ8), 2, IF(OR(AND(GP$3>GQ$3,GP8>GQ8), AND(GP$3<GQ$3,GP8<GQ8)), 1, 0)))) | GT8: JUAN VASQUEZ | GU8: 3 | GV8: 1 | GW8: =IF(OR(GU$3="",GV$3="",GU8="",GV8=""), "", IF(AND(GU$3=GU8,GV$3=GV8), 3, IF(AND(GU$3=GV$3,GU8=GV8), 2, IF(OR(AND(GU$3>GV$3,GU8>GV8), AND(GU$3<GV$3,GU8<GV8)), 1, 0)))) | GY8: JUAN VASQUEZ | GZ8: 3 | HA8: 0 | HB8: =IF(OR(GZ$3="",HA$3="",GZ8="",HA8=""), "", IF(AND(GZ$3=GZ8,HA$3=HA8), 3, IF(AND(GZ$3=HA$3,GZ8=HA8), 2, IF(OR(AND(GZ$3>HA$3,GZ8>HA8), AND(GZ$3<HA$3,GZ8<HA8)), 1, 0)))) | HD8: JUAN VASQUEZ | HE8: 0 | HF8: 2 | HG8: =IF(OR(HE$3="",HF$3="",HE8="",HF8=""), "", IF(AND(HE$3=HE8,HF$3=HF8), 3, IF(AND(HE$3=HF$3,HE8=HF8), 2, IF(OR(AND(HE$3>HF$3,HE8>HF8), AND(HE$3<HF$3,HE8<HF8)), 1, 0)))) | HI8: JUAN VASQUEZ | HJ8: 0 | HK8: 1 | HL8: =IF(OR(HJ$3="",HK$3="",HJ8="",HK8=""), "", IF(AND(HJ$3=HJ8,HK$3=HK8), 3, IF(AND(HJ$3=HK$3,HJ8=HK8), 2, IF(OR(AND(HJ$3>HK$3,HJ8>HK8), AND(HJ$3<HK$3,HJ8<HK8)), 1, 0)))) | HN8: JUAN VASQUEZ | HO8: 3 | HP8: 0 | HQ8: =IF(OR(HO$3="",HP$3="",HO8="",HP8=""), "", IF(AND(HO$3=HO8,HP$3=HP8), 3, IF(AND(HO$3=HP$3,HO8=HP8), 2, IF(OR(AND(HO$3>HP$3,HO8>HP8), AND(HO$3<HP$3,HO8<HP8)), 1, 0)))) | HS8: JUAN VASQUEZ | HT8: 3 | HU8: 0 | HV8: =IF(OR(HT$3="",HU$3="",HT8="",HU8=""), "", IF(AND(HT$3=HT8,HU$3=HU8), 3, IF(AND(HT$3=HU$3,HT8=HU8), 2, IF(OR(AND(HT$3>HU$3,HT8>HU8), AND(HT$3<HU$3,HT8<HU8)), 1, 0)))) | HX8: JUAN VASQUEZ | HY8: 0 | HZ8: 3 | IA8: =IF(OR(HY$3="",HZ$3="",HY8="",HZ8=""), "", IF(AND(HY$3=HY8,HZ$3=HZ8), 3, IF(AND(HY$3=HZ$3,HY8=HZ8), 2, IF(OR(AND(HY$3>HZ$3,HY8>HZ8), AND(HY$3<HZ$3,HY8<HZ8)), 1, 0)))) | IC8: JUAN VASQUEZ | ID8: 3 | IE8: 1 | IF8: =IF(OR(ID$3="",IE$3="",ID8="",IE8=""), "", IF(AND(ID$3=ID8,IE$3=IE8), 3, IF(AND(ID$3=IE$3,ID8=IE8), 2, IF(OR(AND(ID$3>IE$3,ID8>IE8), AND(ID$3<IE$3,ID8<IE8)), 1, 0)))) | IH8: JUAN VASQUEZ | II8: 1 | IJ8: 2 | IK8: =IF(OR(II$3="",IJ$3="",II8="",IJ8=""), "", IF(AND(II$3=II8,IJ$3=IJ8), 3, IF(AND(II$3=IJ$3,II8=IJ8), 2, IF(OR(AND(II$3>IJ$3,II8>IJ8), AND(II$3<IJ$3,II8<IJ8)), 1, 0)))) | IM8: JUAN VASQUEZ | IN8: 1 | IO8: 0 | IP8: =IF(OR(IN$3="",IO$3="",IN8="",IO8=""), "", IF(AND(IN$3=IN8,IO$3=IO8), 3, IF(AND(IN$3=IO$3,IN8=IO8), 2, IF(OR(AND(IN$3>IO$3,IN8>IO8), AND(IN$3<IO$3,IN8<IO8)), 1, 0)))) | IR8: JUAN VASQUEZ | IS8: 2 | IT8: 0 | IU8: =IF(OR(IS$3="",IT$3="",IS8="",IT8=""), "", IF(AND(IS$3=IS8,IT$3=IT8), 3, IF(AND(IS$3=IT$3,IS8=IT8), 2, IF(OR(AND(IS$3>IT$3,IS8>IT8), AND(IS$3<IT$3,IS8<IT8)), 1, 0)))) | IW8: JUAN VASQUEZ | IX8: 1 | IY8: 3 | IZ8: =IF(OR(IX$3="",IY$3="",IX8="",IY8=""), "", IF(AND(IX$3=IX8,IY$3=IY8), 3, IF(AND(IX$3=IY$3,IX8=IY8), 2, IF(OR(AND(IX$3>IY$3,IX8>IY8), AND(IX$3<IY$3,IX8<IY8)), 1, 0)))) | JB8: JUAN VASQUEZ | JC8: 1 | JD8: 1 | JE8: =IF(OR(JC$3="",JD$3="",JC8="",JD8=""), "", IF(AND(JC$3=JC8,JD$3=JD8), 3, IF(AND(JC$3=JD$3,JC8=JD8), 2, IF(OR(AND(JC$3>JD$3,JC8>JD8), AND(JC$3<JD$3,JC8<JD8)), 1, 0)))) | JG8: JUAN VASQUEZ | JH8: 1 | JI8: 2 | JJ8: =IF(OR(JH$3="",JI$3="",JH8="",JI8=""), "", IF(AND(JH$3=JH8,JI$3=JI8), 3, IF(AND(JH$3=JI$3,JH8=JI8), 2, IF(OR(AND(JH$3>JI$3,JH8>JI8), AND(JH$3<JI$3,JH8<JI8)), 1, 0)))) | JL8: JUAN VASQUEZ | JM8: 0 | JN8: 1 | JO8: =IF(OR(JM$3="",JN$3="",JM8="",JN8=""), "", IF(AND(JM$3=JM8,JN$3=JN8), 3, IF(AND(JM$3=JN$3,JM8=JN8), 2, IF(OR(AND(JM$3>JN$3,JM8>JN8), AND(JM$3<JN$3,JM8<JN8)), 1, 0)))) | JQ8: JUAN VASQUEZ | JR8: 0 | JS8: 4 | JT8: =IF(OR(JR$3="",JS$3="",JR8="",JS8=""), "", IF(AND(JR$3=JR8,JS$3=JS8), 3, IF(AND(JR$3=JS$3,JR8=JS8), 2, IF(OR(AND(JR$3>JS$3,JR8>JS8), AND(JR$3<JS$3,JR8<JS8)), 1, 0)))) | JV8: JUAN VASQUEZ | JW8: 0 | JX8: 2 | JY8: =IF(OR(JW$3="",JX$3="",JW8="",JX8=""), "", IF(AND(JW$3=JW8,JX$3=JX8), 3, IF(AND(JW$3=JX$3,JW8=JX8), 2, IF(OR(AND(JW$3>JX$3,JW8>JX8), AND(JW$3<JX$3,JW8<JX8)), 1, 0)))) | KA8: JUAN VASQUEZ | KB8: 2 | KC8: 0 | KD8: =IF(OR(KB$3="",KC$3="",KB8="",KC8=""), "", IF(AND(KB$3=KB8,KC$3=KC8), 3, IF(AND(KB$3=KC$3,KB8=KC8), 2, IF(OR(AND(KB$3>KC$3,KB8>KC8), AND(KB$3<KC$3,KB8<KC8)), 1, 0)))) | KF8: JUAN VASQUEZ | KG8: 2 | KH8: 1 | KI8: =IF(OR(KG$3="",KH$3="",KG8="",KH8=""), "", IF(AND(KG$3=KG8,KH$3=KH8), 3, IF(AND(KG$3=KH$3,KG8=KH8), 2, IF(OR(AND(KG$3>KH$3,KG8>KH8), AND(KG$3<KH$3,KG8<KH8)), 1, 0)))) | KK8: JUAN VASQUEZ | KL8: 1 | KM8: 2 | KN8: =IF(OR(KL$3="",KM$3="",KL8="",KM8=""), "", IF(AND(KL$3=KL8,KM$3=KM8), 3, IF(AND(KL$3=KM$3,KL8=KM8), 2, IF(OR(AND(KL$3>KM$3,KL8>KM8), AND(KL$3<KM$3,KL8<KM8)), 1, 0)))) | KP8: JUAN VASQUEZ | KQ8: 1 | KR8: 3 | KS8: =IF(OR(KQ$3="",KR$3="",KQ8="",KR8=""), "", IF(AND(KQ$3=KQ8,KR$3=KR8), 3, IF(AND(KQ$3=KR$3,KQ8=KR8), 2, IF(OR(AND(KQ$3>KR$3,KQ8>KR8), AND(KQ$3<KR$3,KQ8<KR8)), 1, 0)))) | KU8: JUAN VASQUEZ | KV8: 1 | KW8: 0 | KX8: =IF(OR(KV$3="",KW$3="",KV8="",KW8=""), "", IF(AND(KV$3=KV8,KW$3=KW8), 3, IF(AND(KV$3=KW$3,KV8=KW8), 2, IF(OR(AND(KV$3>KW$3,KV8>KW8), AND(KV$3<KW$3,KV8<KW8)), 1, 0)))) | KZ8: JUAN VASQUEZ | LA8: 1 | LB8: 1 | LC8: =IF(OR(LA$3="",LB$3="",LA8="",LB8=""), "", IF(AND(LA$3=LA8,LB$3=LB8), 3, IF(AND(LA$3=LB$3,LA8=LB8), 2, IF(OR(AND(LA$3>LB$3,LA8>LB8), AND(LA$3<LB$3,LA8<LB8)), 1, 0)))) | LE8: JUAN VASQUEZ | LF8: 0 | LG8: 3 | LH8: =IF(OR(LF$3="",LG$3="",LF8="",LG8=""), "", IF(AND(LF$3=LF8,LG$3=LG8), 3, IF(AND(LF$3=LG$3,LF8=LG8), 2, IF(OR(AND(LF$3>LG$3,LF8>LG8), AND(LF$3<LG$3,LF8<LG8)), 1, 0)))) | LJ8: JUAN VASQUEZ | LK8: 0 | LL8: 2 | LM8: =IF(OR(LK$3="",LL$3="",LK8="",LL8=""), "", IF(AND(LK$3=LK8,LL$3=LL8), 3, IF(AND(LK$3=LL$3,LK8=LL8), 2, IF(OR(AND(LK$3>LL$3,LK8>LL8), AND(LK$3<LL$3,LK8<LL8)), 1, 0)))) | LO8: JUAN VASQUEZ | LP8: 1 | LQ8: 1 | LR8: =IF(OR(LP$3="",LQ$3="",LP8="",LQ8=""), "", IF(AND(LP$3=LP8,LQ$3=LQ8), 3, IF(AND(LP$3=LQ$3,LP8=LQ8), 2, IF(OR(AND(LP$3>LQ$3,LP8>LQ8), AND(LP$3<LQ$3,LP8<LQ8)), 1, 0)))) | LT8: JUAN VASQUEZ | LU8: 0 | LV8: 2 | LW8: =IF(OR(LU$3="",LV$3="",LU8="",LV8=""), "", IF(AND(LU$3=LU8,LV$3=LV8), 3, IF(AND(LU$3=LV$3,LU8=LV8), 2, IF(OR(AND(LU$3>LV$3,LU8>LV8), AND(LU$3<LV$3,LU8<LV8)), 1, 0)))) | LY8: JUAN VASQUEZ | LZ8: 2 | MA8: 0 | MB8: =IF(OR(LZ$3="",MA$3="",LZ8="",MA8=""), "", IF(AND(LZ$3=LZ8,MA$3=MA8), 3, IF(AND(LZ$3=MA$3,LZ8=MA8), 2, IF(OR(AND(LZ$3>MA$3,LZ8>MA8), AND(LZ$3<MA$3,LZ8<MA8)), 1, 0)))) | MD8: JUAN VASQUEZ | ME8: 2 | MF8: 1 | MG8: =IF(OR(ME$3="",MF$3="",ME8="",MF8=""), "", IF(AND(ME$3=ME8,MF$3=MF8), 3, IF(AND(ME$3=MF$3,ME8=MF8), 2, IF(OR(AND(ME$3>MF$3,ME8>MF8), AND(ME$3<MF$3,ME8<MF8)), 1, 0)))) | MI8: JUAN VASQUEZ | MJ8: 0 | MK8: 1 | ML8: =IF(OR(MJ$3="",MK$3="",MJ8="",MK8=""), "", IF(AND(MJ$3=MJ8,MK$3=MK8), 3, IF(AND(MJ$3=MK$3,MJ8=MK8), 2, IF(OR(AND(MJ$3>MK$3,MJ8>MK8), AND(MJ$3<MK$3,MJ8<MK8)), 1, 0)))) | MN8: JUAN VASQUEZ | MO8: 1 | MP8: 2 | MQ8: =IF(OR(MO$3="",MP$3="",MO8="",MP8=""), "", IF(AND(MO$3=MO8,MP$3=MP8), 3, IF(AND(MO$3=MP$3,MO8=MP8), 2, IF(OR(AND(MO$3>MP$3,MO8>MP8), AND(MO$3<MP$3,MO8<MP8)), 1, 0)))) | MS8: JUAN VASQUEZ | MT8: 1 | MU8: 3 | MV8: =IF(OR(MT$3="",MU$3="",MT8="",MU8=""), "", IF(AND(MT$3=MT8,MU$3=MU8), 3, IF(AND(MT$3=MU$3,MT8=MU8), 2, IF(OR(AND(MT$3>MU$3,MT8>MU8), AND(MT$3<MU$3,MT8<MU8)), 1, 0)))) | MX8: JUAN VASQUEZ | MY8: FRANCIA | NA8: COLOMBIA | NC8: PORTUGAL | NE8: BRASIL | NG8: KILIAM MBAPE | NI8: =SUM(E8,J8,O8,T8,Y8,AD8,AI8,AN8,AS8,AX8,BC8,BH8,BM8,BR8,,BW8,CB8,CG8,CL8,CQ8,CV8,DA8,DF8,DK8,DP8,DU8,DZ8,EE8,EJ8,EO8,ET8,EY8,FD8,FI8,FN8,FS8,FX8,GC8,GH8,GM8,GR8,GW8,HB8,HG8,HL8,HQ8,HV8,IA8,IF8,IK8,IP8,IU8,IZ8,JE8,JJ8,JO8,JT8,JY8,KD8,KI8,KN8,KS8,KX8,LC8,LH8,LM8,LR8,LW8,MB8,MG8,ML8,MQ8,MV8,MZ8,NB8,ND8,NF8,NH8,) -> 7
A9: 6 | B9: JORGE VASQUEZ | C9: 2 | D9: 1 | E9: =IF(OR(C$3="",D$3="",C9="",D9=""), "", IF(AND(C$3=C9,D$3=D9), 3, IF(AND(C$3=D$3,C9=D9), 2, IF(OR(AND(C$3>D$3,C9>D9), AND(C$3<D$3,C9<D9)), 1, 0)))) -> 1 | G9: JORGE VASQUEZ | H9: 1 | I9: 1 | J9: =IF(OR(H$3="",I$3="",H9="",I9=""), "", IF(AND(H$3=H9,I$3=I9), 3, IF(AND(H$3=I$3,H9=I9), 2, IF(OR(AND(H$3>I$3,H9>I9), AND(H$3<I$3,H9<I9)), 1, 0)))) -> 0 | L9: JORGE VASQUEZ | M9: 2 | N9: 1 | O9: =IF(OR(M$3="",N$3="",M9="",N9=""), "", IF(AND(M$3=M9,N$3=N9), 3, IF(AND(M$3=N$3,M9=N9), 2, IF(OR(AND(M$3>N$3,M9>N9), AND(M$3<N$3,M9<N9)), 1, 0)))) -> 0 | Q9: JORGE VASQUEZ | R9: 2 | S9: 0 | T9: =IF(OR(R$3="",S$3="",R9="",S9=""), "", IF(AND(R$3=R9,S$3=S9), 3, IF(AND(R$3=S$3,R9=S9), 2, IF(OR(AND(R$3>S$3,R9>S9), AND(R$3<S$3,R9<S9)), 1, 0)))) -> 1 | V9: JORGE VASQUEZ | W9: 0 | X9: 2 | Y9: =IF(OR(W$3="",X$3="",W9="",X9=""), "", IF(AND(W$3=W9,X$3=X9), 3, IF(AND(W$3=X$3,W9=X9), 2, IF(OR(AND(W$3>X$3,W9>X9), AND(W$3<X$3,W9<X9)), 1, 0)))) -> 0 | AA9: JORGE VASQUEZ | AB9: 3 | AC9: 1 | AD9: =IF(OR(AB$3="",AC$3="",AB9="",AC9=""), "", IF(AND(AB$3=AB9,AC$3=AC9), 3, IF(AND(AB$3=AC$3,AB9=AC9), 2, IF(OR(AND(AB$3>AC$3,AB9>AC9), AND(AB$3<AC$3,AB9<AC9)), 1, 0)))) -> 0 | AF9: JORGE VASQUEZ | AG9: 0 | AH9: 2 | AI9: =IF(OR(AG$3="",AH$3="",AG9="",AH9=""), "", IF(AND(AG$3=AG9,AH$3=AH9), 3, IF(AND(AG$3=AH$3,AG9=AH9), 2, IF(OR(AND(AG$3>AH$3,AG9>AH9), AND(AG$3<AH$3,AG9<AH9)), 1, 0)))) | AK9: JORGE VASQUEZ | AL9: 1 | AM9: 2 | AN9: =IF(OR(AL$3="",AM$3="",AL9="",AM9=""), "", IF(AND(AL$3=AL9,AM$3=AM9), 3, IF(AND(AL$3=AM$3,AL9=AM9), 2, IF(OR(AND(AL$3>AM$3,AL9>AM9), AND(AL$3<AM$3,AL9<AM9)), 1, 0)))) | AP9: JORGE VASQUEZ | AQ9: 4 | AR9: 0 | AS9: =IF(OR(AQ$3="",AR$3="",AQ9="",AR9=""), "", IF(AND(AQ$3=AQ9,AR$3=AR9), 3, IF(AND(AQ$3=AR$3,AQ9=AR9), 2, IF(OR(AND(AQ$3>AR$3,AQ9>AR9), AND(AQ$3<AR$3,AQ9<AR9)), 1, 0)))) | AU9: JORGE VASQUEZ | AV9: 2 | AW9: 1 | AX9: =IF(OR(AV$3="",AW$3="",AV9="",AW9=""), "", IF(AND(AV$3=AV9,AW$3=AW9), 3, IF(AND(AV$3=AW$3,AV9=AW9), 2, IF(OR(AND(AV$3>AW$3,AV9>AW9), AND(AV$3<AW$3,AV9<AW9)), 1, 0)))) | AZ9: JORGE VASQUEZ | BA9: 1 | BB9: 1 | BC9: =IF(OR(BA$3="",BB$3="",BA9="",BB9=""), "", IF(AND(BA$3=BA9,BB$3=BB9), 3, IF(AND(BA$3=BB$3,BA9=BB9), 2, IF(OR(AND(BA$3>BB$3,BA9>BB9), AND(BA$3<BB$3,BA9<BB9)), 1, 0)))) | BE9: JORGE VASQUEZ | BF9: 2 | BG9: 0 | BH9: =IF(OR(BF$3="",BG$3="",BF9="",BG9=""), "", IF(AND(BF$3=BF9,BG$3=BG9), 3, IF(AND(BF$3=BG$3,BF9=BG9), 2, IF(OR(AND(BF$3>BG$3,BF9>BG9), AND(BF$3<BG$3,BF9<BG9)), 1, 0)))) | BJ9: JORGE VASQUEZ | BK9: 3 | BL9: 0 | BM9: =IF(OR(BK$3="",BL$3="",BK9="",BL9=""), "", IF(AND(BK$3=BK9,BL$3=BL9), 3, IF(AND(BK$3=BL$3,BK9=BL9), 2, IF(OR(AND(BK$3>BL$3,BK9>BL9), AND(BK$3<BL$3,BK9<BL9)), 1, 0)))) | BO9: JORGE VASQUEZ | BP9: 2 | BQ9: 0 | BR9: =IF(OR(BP$3="",BQ$3="",BP9="",BQ9=""), "", IF(AND(BP$3=BP9,BQ$3=BQ9), 3, IF(AND(BP$3=BQ$3,BP9=BQ9), 2, IF(OR(AND(BP$3>BQ$3,BP9>BQ9), AND(BP$3<BQ$3,BP9<BQ9)), 1, 0)))) | BT9: JORGE VASQUEZ | BU9: 0 | BV9: 2 | BW9: =IF(OR(BU$3="",BV$3="",BU9="",BV9=""), "", IF(AND(BU$3=BU9,BV$3=BV9), 3, IF(AND(BU$3=BV$3,BU9=BV9), 2, IF(OR(AND(BU$3>BV$3,BU9>BV9), AND(BU$3<BV$3,BU9<BV9)), 1, 0)))) | BY9: JORGE VASQUEZ | BZ9: 2 | CA9: 0 | CB9: =IF(OR(BZ$3="",CA$3="",BZ9="",CA9=""), "", IF(AND(BZ$3=BZ9,CA$3=CA9), 3, IF(AND(BZ$3=CA$3,BZ9=CA9), 2, IF(OR(AND(BZ$3>CA$3,BZ9>CA9), AND(BZ$3<CA$3,BZ9<CA9)), 1, 0)))) | CD9: JORGE VASQUEZ | CE9: 2 | CF9: 0 | CG9: =IF(OR(CE$3="",CF$3="",CE9="",CF9=""), "", IF(AND(CE$3=CE9,CF$3=CF9), 3, IF(AND(CE$3=CF$3,CE9=CF9), 2, IF(OR(AND(CE$3>CF$3,CE9>CF9), AND(CE$3<CF$3,CE9<CF9)), 1, 0)))) | CI9: JORGE VASQUEZ | CJ9: 0 | CK9: 2 | CL9: =IF(OR(CJ$3="",CK$3="",CJ9="",CK9=""), "", IF(AND(CJ$3=CJ9,CK$3=CK9), 3, IF(AND(CJ$3=CK$3,CJ9=CK9), 2, IF(OR(AND(CJ$3>CK$3,CJ9>CK9), AND(CJ$3<CK$3,CJ9<CK9)), 1, 0)))) | CN9: JORGE VASQUEZ | CO9: 3 | CP9: 0 | CQ9: =IF(OR(CO$3="",CP$3="",CO9="",CP9=""), "", IF(AND(CO$3=CO9,CP$3=CP9), 3, IF(AND(CO$3=CP$3,CO9=CP9), 2, IF(OR(AND(CO$3>CP$3,CO9>CP9), AND(CO$3<CP$3,CO9<CP9)), 1, 0)))) | CS9: JORGE VASQUEZ | CT9: 2 | CU9: 0 | CV9: =IF(OR(CT$3="",CU$3="",CT9="",CU9=""), "", IF(AND(CT$3=CT9,CU$3=CU9), 3, IF(AND(CT$3=CU$3,CT9=CU9), 2, IF(OR(AND(CT$3>CU$3,CT9>CU9), AND(CT$3<CU$3,CT9<CU9)), 1, 0)))) | CX9: JORGE VASQUEZ | CY9: 4 | CZ9: 0 | DA9: =IF(OR(CY$3="",CZ$3="",CY9="",CZ9=""), "", IF(AND(CY$3=CY9,CZ$3=CZ9), 3, IF(AND(CY$3=CZ$3,CY9=CZ9), 2, IF(OR(AND(CY$3>CZ$3,CY9>CZ9), AND(CY$3<CZ$3,CY9<CZ9)), 1, 0)))) | DC9: JORGE VASQUEZ | DD9: 2 | DE9: 1 | DF9: =IF(OR(DD$3="",DE$3="",DD9="",DE9=""), "", IF(AND(DD$3=DD9,DE$3=DE9), 3, IF(AND(DD$3=DE$3,DD9=DE9), 2, IF(OR(AND(DD$3>DE$3,DD9>DE9), AND(DD$3<DE$3,DD9<DE9)), 1, 0)))) | DH9: JORGE VASQUEZ | DI9: 1 | DJ9: 1 | DK9: =IF(OR(DI$3="",DJ$3="",DI9="",DJ9=""), "", IF(AND(DI$3=DI9,DJ$3=DJ9), 3, IF(AND(DI$3=DJ$3,DI9=DJ9), 2, IF(OR(AND(DI$3>DJ$3,DI9>DJ9), AND(DI$3<DJ$3,DI9<DJ9)), 1, 0)))) | DM9: JORGE VASQUEZ | DN9: 0 | DO9: 2 | DP9: =IF(OR(DN$3="",DO$3="",DN9="",DO9=""), "", IF(AND(DN$3=DN9,DO$3=DO9), 3, IF(AND(DN$3=DO$3,DN9=DO9), 2, IF(OR(AND(DN$3>DO$3,DN9>DO9), AND(DN$3<DO$3,DN9<DO9)), 1, 0)))) | DR9: JORGE VASQUEZ | DS9: 2 | DT9: 0 | DU9: =IF(OR(DS$3="",DT$3="",DS9="",DT9=""), "", IF(AND(DS$3=DS9,DT$3=DT9), 3, IF(AND(DS$3=DT$3,DS9=DT9), 2, IF(OR(AND(DS$3>DT$3,DS9>DT9), AND(DS$3<DT$3,DS9<DT9)), 1, 0)))) | DW9: JORGE VASQUEZ | DX9: 1 | DY9: 0 | DZ9: =IF(OR(DX$3="",DY$3="",DX9="",DY9=""), "", IF(AND(DX$3=DX9,DY$3=DY9), 3, IF(AND(DX$3=DY$3,DX9=DY9), 2, IF(OR(AND(DX$3>DY$3,DX9>DY9), AND(DX$3<DY$3,DX9<DY9)), 1, 0)))) | EB9: JORGE VASQUEZ | EC9: 2 | ED9: 0 | EE9: =IF(OR(EC$3="",ED$3="",EC9="",ED9=""), "", IF(AND(EC$3=EC9,ED$3=ED9), 3, IF(AND(EC$3=ED$3,EC9=ED9), 2, IF(OR(AND(EC$3>ED$3,EC9>ED9), AND(EC$3<ED$3,EC9<ED9)), 1, 0)))) | EG9: JORGE VASQUEZ | EH9: 2 | EI9: 1 | EJ9: =IF(OR(EH$3="",EI$3="",EH9="",EI9=""), "", IF(AND(EH$3=EH9,EI$3=EI9), 3, IF(AND(EH$3=EI$3,EH9=EI9), 2, IF(OR(AND(EH$3>EI$3,EH9>EI9), AND(EH$3<EI$3,EH9<EI9)), 1, 0)))) | EL9: JORGE VASQUEZ | EM9: 2 | EN9: 1 | EO9: =IF(OR(EM$3="",EN$3="",EM9="",EN9=""), "", IF(AND(EM$3=EM9,EN$3=EN9), 3, IF(AND(EM$3=EN$3,EM9=EN9), 2, IF(OR(AND(EM$3>EN$3,EM9>EN9), AND(EM$3<EN$3,EM9<EN9)), 1, 0)))) | EQ9: JORGE VASQUEZ | ER9: 1 | ES9: 1 | ET9: =IF(OR(ER$3="",ES$3="",ER9="",ES9=""), "", IF(AND(ER$3=ER9,ES$3=ES9), 3, IF(AND(ER$3=ES$3,ER9=ES9), 2, IF(OR(AND(ER$3>ES$3,ER9>ES9), AND(ER$3<ES$3,ER9<ES9)), 1, 0)))) | EV9: JORGE VASQUEZ | EW9: 5 | EX9: 0 | EY9: =IF(OR(EW$3="",EX$3="",EW9="",EX9=""), "", IF(AND(EW$3=EW9,EX$3=EX9), 3, IF(AND(EW$3=EX$3,EW9=EX9), 2, IF(OR(AND(EW$3>EX$3,EW9>EX9), AND(EW$3<EX$3,EW9<EX9)), 1, 0)))) | FA9: JORGE VASQUEZ | FB9: 2 | FC9: 0 | FD9: =IF(OR(FB$3="",FC$3="",FB9="",FC9=""), "", IF(AND(FB$3=FB9,FC$3=FC9), 3, IF(AND(FB$3=FC$3,FB9=FC9), 2, IF(OR(AND(FB$3>FC$3,FB9>FC9), AND(FB$3<FC$3,FB9<FC9)), 1, 0)))) | FF9: JORGE VASQUEZ | FG9: 3 | FH9: 1 | FI9: =IF(OR(FG$3="",FH$3="",FG9="",FH9=""), "", IF(AND(FG$3=FG9,FH$3=FH9), 3, IF(AND(FG$3=FH$3,FG9=FH9), 2, IF(OR(AND(FG$3>FH$3,FG9>FH9), AND(FG$3<FH$3,FG9<FH9)), 1, 0)))) | FK9: JORGE VASQUEZ | FL9: 3 | FM9: 1 | FN9: =IF(OR(FL$3="",FM$3="",FL9="",FM9=""), "", IF(AND(FL$3=FL9,FM$3=FM9), 3, IF(AND(FL$3=FM$3,FL9=FM9), 2, IF(OR(AND(FL$3>FM$3,FL9>FM9), AND(FL$3<FM$3,FL9<FM9)), 1, 0)))) | FP9: JORGE VASQUEZ | FQ9: 2 | FR9: 0 | FS9: =IF(OR(FQ$3="",FR$3="",FQ9="",FR9=""), "", IF(AND(FQ$3=FQ9,FR$3=FR9), 3, IF(AND(FQ$3=FR$3,FQ9=FR9), 2, IF(OR(AND(FQ$3>FR$3,FQ9>FR9), AND(FQ$3<FR$3,FQ9<FR9)), 1, 0)))) | FU9: JORGE VASQUEZ | FV9: 1 | FW9: 2 | FX9: =IF(OR(FV$3="",FW$3="",FV9="",FW9=""), "", IF(AND(FV$3=FV9,FW$3=FW9), 3, IF(AND(FV$3=FW$3,FV9=FW9), 2, IF(OR(AND(FV$3>FW$3,FV9>FW9), AND(FV$3<FW$3,FV9<FW9)), 1, 0)))) | FZ9: JORGE VASQUEZ | GA9: 2 | GB9: 0 | GC9: =IF(OR(GA$3="",GB$3="",GA9="",GB9=""), "", IF(AND(GA$3=GA9,GB$3=GB9), 3, IF(AND(GA$3=GB$3,GA9=GB9), 2, IF(OR(AND(GA$3>GB$3,GA9>GB9), AND(GA$3<GB$3,GA9<GB9)), 1, 0)))) | GE9: JORGE VASQUEZ | GF9: 2 | GG9: 0 | GH9: =IF(OR(GF$3="",GG$3="",GF9="",GG9=""), "", IF(AND(GF$3=GF9,GG$3=GG9), 3, IF(AND(GF$3=GG$3,GF9=GG9), 2, IF(OR(AND(GF$3>GG$3,GF9>GG9), AND(GF$3<GG$3,GF9<GG9)), 1, 0)))) | GJ9: JORGE VASQUEZ | GK9: 3 | GL9: 1 | GM9: =IF(OR(GK$3="",GL$3="",GK9="",GL9=""), "", IF(AND(GK$3=GK9,GL$3=GL9), 3, IF(AND(GK$3=GL$3,GK9=GL9), 2, IF(OR(AND(GK$3>GL$3,GK9>GL9), AND(GK$3<GL$3,GK9<GL9)), 1, 0)))) | GO9: JORGE VASQUEZ | GP9: 0 | GQ9: 2 | GR9: =IF(OR(GP$3="",GQ$3="",GP9="",GQ9=""), "", IF(AND(GP$3=GP9,GQ$3=GQ9), 3, IF(AND(GP$3=GQ$3,GP9=GQ9), 2, IF(OR(AND(GP$3>GQ$3,GP9>GQ9), AND(GP$3<GQ$3,GP9<GQ9)), 1, 0)))) | GT9: JORGE VASQUEZ | GU9: 2 | GV9: 1 | GW9: =IF(OR(GU$3="",GV$3="",GU9="",GV9=""), "", IF(AND(GU$3=GU9,GV$3=GV9), 3, IF(AND(GU$3=GV$3,GU9=GV9), 2, IF(OR(AND(GU$3>GV$3,GU9>GV9), AND(GU$3<GV$3,GU9<GV9)), 1, 0)))) | GY9: JORGE VASQUEZ | GZ9: 3 | HA9: 0 | HB9: =IF(OR(GZ$3="",HA$3="",GZ9="",HA9=""), "", IF(AND(GZ$3=GZ9,HA$3=HA9), 3, IF(AND(GZ$3=HA$3,GZ9=HA9), 2, IF(OR(AND(GZ$3>HA$3,GZ9>HA9), AND(GZ$3<HA$3,GZ9<HA9)), 1, 0)))) | HD9: JORGE VASQUEZ | HE9: 0 | HF9: 0 | HG9: =IF(OR(HE$3="",HF$3="",HE9="",HF9=""), "", IF(AND(HE$3=HE9,HF$3=HF9), 3, IF(AND(HE$3=HF$3,HE9=HF9), 2, IF(OR(AND(HE$3>HF$3,HE9>HF9), AND(HE$3<HF$3,HE9<HF9)), 1, 0)))) | HI9: JORGE VASQUEZ | HJ9: 0 | HK9: 2 | HL9: =IF(OR(HJ$3="",HK$3="",HJ9="",HK9=""), "", IF(AND(HJ$3=HJ9,HK$3=HK9), 3, IF(AND(HJ$3=HK$3,HJ9=HK9), 2, IF(OR(AND(HJ$3>HK$3,HJ9>HK9), AND(HJ$3<HK$3,HJ9<HK9)), 1, 0)))) | HN9: JORGE VASQUEZ | HO9: 2 | HP9: 0 | HQ9: =IF(OR(HO$3="",HP$3="",HO9="",HP9=""), "", IF(AND(HO$3=HO9,HP$3=HP9), 3, IF(AND(HO$3=HP$3,HO9=HP9), 2, IF(OR(AND(HO$3>HP$3,HO9>HP9), AND(HO$3<HP$3,HO9<HP9)), 1, 0)))) | HS9: JORGE VASQUEZ | HT9: 2 | HU9: 0 | HV9: =IF(OR(HT$3="",HU$3="",HT9="",HU9=""), "", IF(AND(HT$3=HT9,HU$3=HU9), 3, IF(AND(HT$3=HU$3,HT9=HU9), 2, IF(OR(AND(HT$3>HU$3,HT9>HU9), AND(HT$3<HU$3,HT9<HU9)), 1, 0)))) | HX9: JORGE VASQUEZ | HY9: 0 | HZ9: 2 | IA9: =IF(OR(HY$3="",HZ$3="",HY9="",HZ9=""), "", IF(AND(HY$3=HY9,HZ$3=HZ9), 3, IF(AND(HY$3=HZ$3,HY9=HZ9), 2, IF(OR(AND(HY$3>HZ$3,HY9>HZ9), AND(HY$3<HZ$3,HY9<HZ9)), 1, 0)))) | IC9: JORGE VASQUEZ | ID9: 3 | IE9: 1 | IF9: =IF(OR(ID$3="",IE$3="",ID9="",IE9=""), "", IF(AND(ID$3=ID9,IE$3=IE9), 3, IF(AND(ID$3=IE$3,ID9=IE9), 2, IF(OR(AND(ID$3>IE$3,ID9>IE9), AND(ID$3<IE$3,ID9<IE9)), 1, 0)))) | IH9: JORGE VASQUEZ | II9: 1 | IJ9: 1 | IK9: =IF(OR(II$3="",IJ$3="",II9="",IJ9=""), "", IF(AND(II$3=II9,IJ$3=IJ9), 3, IF(AND(II$3=IJ$3,II9=IJ9), 2, IF(OR(AND(II$3>IJ$3,II9>IJ9), AND(II$3<IJ$3,II9<IJ9)), 1, 0)))) | IM9: JORGE VASQUEZ | IN9: 2 | IO9: 1 | IP9: =IF(OR(IN$3="",IO$3="",IN9="",IO9=""), "", IF(AND(IN$3=IN9,IO$3=IO9), 3, IF(AND(IN$3=IO$3,IN9=IO9), 2, IF(OR(AND(IN$3>IO$3,IN9>IO9), AND(IN$3<IO$3,IN9<IO9)), 1, 0)))) | IR9: JORGE VASQUEZ | IS9: 2 | IT9: 0 | IU9: =IF(OR(IS$3="",IT$3="",IS9="",IT9=""), "", IF(AND(IS$3=IS9,IT$3=IT9), 3, IF(AND(IS$3=IT$3,IS9=IT9), 2, IF(OR(AND(IS$3>IT$3,IS9>IT9), AND(IS$3<IT$3,IS9<IT9)), 1, 0)))) | IW9: JORGE VASQUEZ | IX9: 0 | IY9: 2 | IZ9: =IF(OR(IX$3="",IY$3="",IX9="",IY9=""), "", IF(AND(IX$3=IX9,IY$3=IY9), 3, IF(AND(IX$3=IY$3,IX9=IY9), 2, IF(OR(AND(IX$3>IY$3,IX9>IY9), AND(IX$3<IY$3,IX9<IY9)), 1, 0)))) | JB9: JORGE VASQUEZ | JC9: 1 | JD9: 2 | JE9: =IF(OR(JC$3="",JD$3="",JC9="",JD9=""), "", IF(AND(JC$3=JC9,JD$3=JD9), 3, IF(AND(JC$3=JD$3,JC9=JD9), 2, IF(OR(AND(JC$3>JD$3,JC9>JD9), AND(JC$3<JD$3,JC9<JD9)), 1, 0)))) | JG9: JORGE VASQUEZ | JH9: 1 | JI9: 2 | JJ9: =IF(OR(JH$3="",JI$3="",JH9="",JI9=""), "", IF(AND(JH$3=JH9,JI$3=JI9), 3, IF(AND(JH$3=JI$3,JH9=JI9), 2, IF(OR(AND(JH$3>JI$3,JH9>JI9), AND(JH$3<JI$3,JH9<JI9)), 1, 0)))) | JL9: JORGE VASQUEZ | JM9: 0 | JN9: 2 | JO9: =IF(OR(JM$3="",JN$3="",JM9="",JN9=""), "", IF(AND(JM$3=JM9,JN$3=JN9), 3, IF(AND(JM$3=JN$3,JM9=JN9), 2, IF(OR(AND(JM$3>JN$3,JM9>JN9), AND(JM$3<JN$3,JM9<JN9)), 1, 0)))) | JQ9: JORGE VASQUEZ | JR9: 1 | JS9: 2 | JT9: =IF(OR(JR$3="",JS$3="",JR9="",JS9=""), "", IF(AND(JR$3=JR9,JS$3=JS9), 3, IF(AND(JR$3=JS$3,JR9=JS9), 2, IF(OR(AND(JR$3>JS$3,JR9>JS9), AND(JR$3<JS$3,JR9<JS9)), 1, 0)))) | JV9: JORGE VASQUEZ | JW9: 0 | JX9: 2 | JY9: =IF(OR(JW$3="",JX$3="",JW9="",JX9=""), "", IF(AND(JW$3=JW9,JX$3=JX9), 3, IF(AND(JW$3=JX$3,JW9=JX9), 2, IF(OR(AND(JW$3>JX$3,JW9>JX9), AND(JW$3<JX$3,JW9<JX9)), 1, 0)))) | KA9: JORGE VASQUEZ | KB9: 1 | KC9: 2 | KD9: =IF(OR(KB$3="",KC$3="",KB9="",KC9=""), "", IF(AND(KB$3=KB9,KC$3=KC9), 3, IF(AND(KB$3=KC$3,KB9=KC9), 2, IF(OR(AND(KB$3>KC$3,KB9>KC9), AND(KB$3<KC$3,KB9<KC9)), 1, 0)))) | KF9: JORGE VASQUEZ | KG9: 1 | KH9: 2 | KI9: =IF(OR(KG$3="",KH$3="",KG9="",KH9=""), "", IF(AND(KG$3=KG9,KH$3=KH9), 3, IF(AND(KG$3=KH$3,KG9=KH9), 2, IF(OR(AND(KG$3>KH$3,KG9>KH9), AND(KG$3<KH$3,KG9<KH9)), 1, 0)))) | KK9: JORGE VASQUEZ | KL9: 1 | KM9: 1 | KN9: =IF(OR(KL$3="",KM$3="",KL9="",KM9=""), "", IF(AND(KL$3=KL9,KM$3=KM9), 3, IF(AND(KL$3=KM$3,KL9=KM9), 2, IF(OR(AND(KL$3>KM$3,KL9>KM9), AND(KL$3<KM$3,KL9<KM9)), 1, 0)))) | KP9: JORGE VASQUEZ | KQ9: 1 | KR9: 2 | KS9: =IF(OR(KQ$3="",KR$3="",KQ9="",KR9=""), "", IF(AND(KQ$3=KQ9,KR$3=KR9), 3, IF(AND(KQ$3=KR$3,KQ9=KR9), 2, IF(OR(AND(KQ$3>KR$3,KQ9>KR9), AND(KQ$3<KR$3,KQ9<KR9)), 1, 0)))) | KU9: JORGE VASQUEZ | KV9: 2 | KW9: 0 | KX9: =IF(OR(KV$3="",KW$3="",KV9="",KW9=""), "", IF(AND(KV$3=KV9,KW$3=KW9), 3, IF(AND(KV$3=KW$3,KV9=KW9), 2, IF(OR(AND(KV$3>KW$3,KV9>KW9), AND(KV$3<KW$3,KV9<KW9)), 1, 0)))) | KZ9: JORGE VASQUEZ | LA9: 1 | LB9: 2 | LC9: =IF(OR(LA$3="",LB$3="",LA9="",LB9=""), "", IF(AND(LA$3=LA9,LB$3=LB9), 3, IF(AND(LA$3=LB$3,LA9=LB9), 2, IF(OR(AND(LA$3>LB$3,LA9>LB9), AND(LA$3<LB$3,LA9<LB9)), 1, 0)))) | LE9: JORGE VASQUEZ | LF9: 1 | LG9: 2 | LH9: =IF(OR(LF$3="",LG$3="",LF9="",LG9=""), "", IF(AND(LF$3=LF9,LG$3=LG9), 3, IF(AND(LF$3=LG$3,LF9=LG9), 2, IF(OR(AND(LF$3>LG$3,LF9>LG9), AND(LF$3<LG$3,LF9<LG9)), 1, 0)))) | LJ9: JORGE VASQUEZ | LK9: 0 | LL9: 2 | LM9: =IF(OR(LK$3="",LL$3="",LK9="",LL9=""), "", IF(AND(LK$3=LK9,LL$3=LL9), 3, IF(AND(LK$3=LL$3,LK9=LL9), 2, IF(OR(AND(LK$3>LL$3,LK9>LL9), AND(LK$3<LL$3,LK9<LL9)), 1, 0)))) | LO9: JORGE VASQUEZ | LP9: 1 | LQ9: 0 | LR9: =IF(OR(LP$3="",LQ$3="",LP9="",LQ9=""), "", IF(AND(LP$3=LP9,LQ$3=LQ9), 3, IF(AND(LP$3=LQ$3,LP9=LQ9), 2, IF(OR(AND(LP$3>LQ$3,LP9>LQ9), AND(LP$3<LQ$3,LP9<LQ9)), 1, 0)))) | LT9: JORGE VASQUEZ | LU9: 0 | LV9: 3 | LW9: =IF(OR(LU$3="",LV$3="",LU9="",LV9=""), "", IF(AND(LU$3=LU9,LV$3=LV9), 3, IF(AND(LU$3=LV$3,LU9=LV9), 2, IF(OR(AND(LU$3>LV$3,LU9>LV9), AND(LU$3<LV$3,LU9<LV9)), 1, 0)))) | LY9: JORGE VASQUEZ | LZ9: 2 | MA9: 1 | MB9: =IF(OR(LZ$3="",MA$3="",LZ9="",MA9=""), "", IF(AND(LZ$3=LZ9,MA$3=MA9), 3, IF(AND(LZ$3=MA$3,LZ9=MA9), 2, IF(OR(AND(LZ$3>MA$3,LZ9>MA9), AND(LZ$3<MA$3,LZ9<MA9)), 1, 0)))) | MD9: JORGE VASQUEZ | ME9: 0 | MF9: 1 | MG9: =IF(OR(ME$3="",MF$3="",ME9="",MF9=""), "", IF(AND(ME$3=ME9,MF$3=MF9), 3, IF(AND(ME$3=MF$3,ME9=MF9), 2, IF(OR(AND(ME$3>MF$3,ME9>MF9), AND(ME$3<MF$3,ME9<MF9)), 1, 0)))) | MI9: JORGE VASQUEZ | MJ9: 1 | MK9: 0 | ML9: =IF(OR(MJ$3="",MK$3="",MJ9="",MK9=""), "", IF(AND(MJ$3=MJ9,MK$3=MK9), 3, IF(AND(MJ$3=MK$3,MJ9=MK9), 2, IF(OR(AND(MJ$3>MK$3,MJ9>MK9), AND(MJ$3<MK$3,MJ9<MK9)), 1, 0)))) | MN9: JORGE VASQUEZ | MO9: 1 | MP9: 2 | MQ9: =IF(OR(MO$3="",MP$3="",MO9="",MP9=""), "", IF(AND(MO$3=MO9,MP$3=MP9), 3, IF(AND(MO$3=MP$3,MO9=MP9), 2, IF(OR(AND(MO$3>MP$3,MO9>MP9), AND(MO$3<MP$3,MO9<MP9)), 1, 0)))) | MS9: JORGE VASQUEZ | MT9: 1 | MU9: 3 | MV9: =IF(OR(MT$3="",MU$3="",MT9="",MU9=""), "", IF(AND(MT$3=MT9,MU$3=MU9), 3, IF(AND(MT$3=MU$3,MT9=MU9), 2, IF(OR(AND(MT$3>MU$3,MT9>MU9), AND(MT$3<MU$3,MT9<MU9)), 1, 0)))) | MX9: JORGE VASQUEZ | MY9: INGLATERRA | NA9: FRANCIA | NC9: ESPAÑA | NE9: PORTUGAL | NG9: HARRY KEANE | NI9: =SUM(E9,J9,O9,T9,Y9,AD9,AI9,AN9,AS9,AX9,BC9,BH9,BM9,BR9,,BW9,CB9,CG9,CL9,CQ9,CV9,DA9,DF9,DK9,DP9,DU9,DZ9,EE9,EJ9,EO9,ET9,EY9,FD9,FI9,FN9,FS9,FX9,GC9,GH9,GM9,GR9,GW9,HB9,HG9,HL9,HQ9,HV9,IA9,IF9,IK9,IP9,IU9,IZ9,JE9,JJ9,JO9,JT9,JY9,KD9,KI9,KN9,KS9,KX9,LC9,LH9,LM9,LR9,LW9,MB9,MG9,ML9,MQ9,MV9,MZ9,NB9,ND9,NF9,NH9,) -> 2
A10: 7 | B10: WILSON OCAMPO | C10: 2 | D10: 0 | E10: =IF(OR(C$3="",D$3="",C10="",D10=""), "", IF(AND(C$3=C10,D$3=D10), 3, IF(AND(C$3=D$3,C10=D10), 2, IF(OR(AND(C$3>D$3,C10>D10), AND(C$3<D$3,C10<D10)), 1, 0)))) -> 3 | G10: WILSON OCAMPO | H10: 1 | I10: 2 | J10: =IF(OR(H$3="",I$3="",H10="",I10=""), "", IF(AND(H$3=H10,I$3=I10), 3, IF(AND(H$3=I$3,H10=I10), 2, IF(OR(AND(H$3>I$3,H10>I10), AND(H$3<I$3,H10<I10)), 1, 0)))) -> 0 | L10: WILSON OCAMPO | M10: 1 | N10: 1 | O10: =IF(OR(M$3="",N$3="",M10="",N10=""), "", IF(AND(M$3=M10,N$3=N10), 3, IF(AND(M$3=N$3,M10=N10), 2, IF(OR(AND(M$3>N$3,M10>N10), AND(M$3<N$3,M10<N10)), 1, 0)))) -> 3 | Q10: WILSON OCAMPO | R10: 2 | S10: 1 | T10: =IF(OR(R$3="",S$3="",R10="",S10=""), "", IF(AND(R$3=R10,S$3=S10), 3, IF(AND(R$3=S$3,R10=S10), 2, IF(OR(AND(R$3>S$3,R10>S10), AND(R$3<S$3,R10<S10)), 1, 0)))) -> 1 | V10: WILSON OCAMPO | W10: 0 | X10: 1 | Y10: =IF(OR(W$3="",X$3="",W10="",X10=""), "", IF(AND(W$3=W10,X$3=X10), 3, IF(AND(W$3=X$3,W10=X10), 2, IF(OR(AND(W$3>X$3,W10>X10), AND(W$3<X$3,W10<X10)), 1, 0)))) -> 0 | AA10: WILSON OCAMPO | AB10: 2 | AC10: 1 | AD10: =IF(OR(AB$3="",AC$3="",AB10="",AC10=""), "", IF(AND(AB$3=AB10,AC$3=AC10), 3, IF(AND(AB$3=AC$3,AB10=AC10), 2, IF(OR(AND(AB$3>AC$3,AB10>AC10), AND(AB$3<AC$3,AB10<AC10)), 1, 0)))) -> 0 | AF10: WILSON OCAMPO | AG10: 0 | AH10: 3 | AI10: =IF(OR(AG$3="",AH$3="",AG10="",AH10=""), "", IF(AND(AG$3=AG10,AH$3=AH10), 3, IF(AND(AG$3=AH$3,AG10=AH10), 2, IF(OR(AND(AG$3>AH$3,AG10>AH10), AND(AG$3<AH$3,AG10<AH10)), 1, 0)))) | AK10: WILSON OCAMPO | AL10: 0 | AM10: 2 | AN10: =IF(OR(AL$3="",AM$3="",AL10="",AM10=""), "", IF(AND(AL$3=AL10,AM$3=AM10), 3, IF(AND(AL$3=AM$3,AL10=AM10), 2, IF(OR(AND(AL$3>AM$3,AL10>AM10), AND(AL$3<AM$3,AL10<AM10)), 1, 0)))) | AP10: WILSON OCAMPO | AQ10: 5 | AR10: 0 | AS10: =IF(OR(AQ$3="",AR$3="",AQ10="",AR10=""), "", IF(AND(AQ$3=AQ10,AR$3=AR10), 3, IF(AND(AQ$3=AR$3,AQ10=AR10), 2, IF(OR(AND(AQ$3>AR$3,AQ10>AR10), AND(AQ$3<AR$3,AQ10<AR10)), 1, 0)))) | AU10: WILSON OCAMPO | AV10: 2 | AW10: 1 | AX10: =IF(OR(AV$3="",AW$3="",AV10="",AW10=""), "", IF(AND(AV$3=AV10,AW$3=AW10), 3, IF(AND(AV$3=AW$3,AV10=AW10), 2, IF(OR(AND(AV$3>AW$3,AV10>AW10), AND(AV$3<AW$3,AV10<AW10)), 1, 0)))) | AZ10: WILSON OCAMPO | BA10: 1 | BB10: 1 | BC10: =IF(OR(BA$3="",BB$3="",BA10="",BB10=""), "", IF(AND(BA$3=BA10,BB$3=BB10), 3, IF(AND(BA$3=BB$3,BA10=BB10), 2, IF(OR(AND(BA$3>BB$3,BA10>BB10), AND(BA$3<BB$3,BA10<BB10)), 1, 0)))) | BE10: WILSON OCAMPO | BF10: 1 | BG10: 0 | BH10: =IF(OR(BF$3="",BG$3="",BF10="",BG10=""), "", IF(AND(BF$3=BF10,BG$3=BG10), 3, IF(AND(BF$3=BG$3,BF10=BG10), 2, IF(OR(AND(BF$3>BG$3,BF10>BG10), AND(BF$3<BG$3,BF10<BG10)), 1, 0)))) | BJ10: WILSON OCAMPO | BK10: 4 | BL10: 0 | BM10: =IF(OR(BK$3="",BL$3="",BK10="",BL10=""), "", IF(AND(BK$3=BK10,BL$3=BL10), 3, IF(AND(BK$3=BL$3,BK10=BL10), 2, IF(OR(AND(BK$3>BL$3,BK10>BL10), AND(BK$3<BL$3,BK10<BL10)), 1, 0)))) | BO10: WILSON OCAMPO | BP10: 2 | BQ10: 1 | BR10: =IF(OR(BP$3="",BQ$3="",BP10="",BQ10=""), "", IF(AND(BP$3=BP10,BQ$3=BQ10), 3, IF(AND(BP$3=BQ$3,BP10=BQ10), 2, IF(OR(AND(BP$3>BQ$3,BP10>BQ10), AND(BP$3<BQ$3,BP10<BQ10)), 1, 0)))) | BT10: WILSON OCAMPO | BU10: 0 | BV10: 1 | BW10: =IF(OR(BU$3="",BV$3="",BU10="",BV10=""), "", IF(AND(BU$3=BU10,BV$3=BV10), 3, IF(AND(BU$3=BV$3,BU10=BV10), 2, IF(OR(AND(BU$3>BV$3,BU10>BV10), AND(BU$3<BV$3,BU10<BV10)), 1, 0)))) | BY10: WILSON OCAMPO | BZ10: 2 | CA10: 0 | CB10: =IF(OR(BZ$3="",CA$3="",BZ10="",CA10=""), "", IF(AND(BZ$3=BZ10,CA$3=CA10), 3, IF(AND(BZ$3=CA$3,BZ10=CA10), 2, IF(OR(AND(BZ$3>CA$3,BZ10>CA10), AND(BZ$3<CA$3,BZ10<CA10)), 1, 0)))) | CD10: WILSON OCAMPO | CE10: 3 | CF10: 1 | CG10: =IF(OR(CE$3="",CF$3="",CE10="",CF10=""), "", IF(AND(CE$3=CE10,CF$3=CF10), 3, IF(AND(CE$3=CF$3,CE10=CF10), 2, IF(OR(AND(CE$3>CF$3,CE10>CF10), AND(CE$3<CF$3,CE10<CF10)), 1, 0)))) | CI10: WILSON OCAMPO | CJ10: 0 | CK10: 2 | CL10: =IF(OR(CJ$3="",CK$3="",CJ10="",CK10=""), "", IF(AND(CJ$3=CJ10,CK$3=CK10), 3, IF(AND(CJ$3=CK$3,CJ10=CK10), 2, IF(OR(AND(CJ$3>CK$3,CJ10>CK10), AND(CJ$3<CK$3,CJ10<CK10)), 1, 0)))) | CN10: WILSON OCAMPO | CO10: 2 | CP10: 1 | CQ10: =IF(OR(CO$3="",CP$3="",CO10="",CP10=""), "", IF(AND(CO$3=CO10,CP$3=CP10), 3, IF(AND(CO$3=CP$3,CO10=CP10), 2, IF(OR(AND(CO$3>CP$3,CO10>CP10), AND(CO$3<CP$3,CO10<CP10)), 1, 0)))) | CS10: WILSON OCAMPO | CT10: 3 | CU10: 1 | CV10: =IF(OR(CT$3="",CU$3="",CT10="",CU10=""), "", IF(AND(CT$3=CT10,CU$3=CU10), 3, IF(AND(CT$3=CU$3,CT10=CU10), 2, IF(OR(AND(CT$3>CU$3,CT10>CU10), AND(CT$3<CU$3,CT10<CU10)), 1, 0)))) | CX10: WILSON OCAMPO | CY10: 2 | CZ10: 0 | DA10: =IF(OR(CY$3="",CZ$3="",CY10="",CZ10=""), "", IF(AND(CY$3=CY10,CZ$3=CZ10), 3, IF(AND(CY$3=CZ$3,CY10=CZ10), 2, IF(OR(AND(CY$3>CZ$3,CY10>CZ10), AND(CY$3<CZ$3,CY10<CZ10)), 1, 0)))) | DC10: WILSON OCAMPO | DD10: 2 | DE10: 2 | DF10: =IF(OR(DD$3="",DE$3="",DD10="",DE10=""), "", IF(AND(DD$3=DD10,DE$3=DE10), 3, IF(AND(DD$3=DE$3,DD10=DE10), 2, IF(OR(AND(DD$3>DE$3,DD10>DE10), AND(DD$3<DE$3,DD10<DE10)), 1, 0)))) | DH10: WILSON OCAMPO | DI10: 2 | DJ10: 0 | DK10: =IF(OR(DI$3="",DJ$3="",DI10="",DJ10=""), "", IF(AND(DI$3=DI10,DJ$3=DJ10), 3, IF(AND(DI$3=DJ$3,DI10=DJ10), 2, IF(OR(AND(DI$3>DJ$3,DI10>DJ10), AND(DI$3<DJ$3,DI10<DJ10)), 1, 0)))) | DM10: WILSON OCAMPO | DN10: 0 | DO10: 3 | DP10: =IF(OR(DN$3="",DO$3="",DN10="",DO10=""), "", IF(AND(DN$3=DN10,DO$3=DO10), 3, IF(AND(DN$3=DO$3,DN10=DO10), 2, IF(OR(AND(DN$3>DO$3,DN10>DO10), AND(DN$3<DO$3,DN10<DO10)), 1, 0)))) | DR10: WILSON OCAMPO | DS10: 1 | DT10: 1 | DU10: =IF(OR(DS$3="",DT$3="",DS10="",DT10=""), "", IF(AND(DS$3=DS10,DT$3=DT10), 3, IF(AND(DS$3=DT$3,DS10=DT10), 2, IF(OR(AND(DS$3>DT$3,DS10>DT10), AND(DS$3<DT$3,DS10<DT10)), 1, 0)))) | DW10: WILSON OCAMPO | DX10: 2 | DY10: 1 | DZ10: =IF(OR(DX$3="",DY$3="",DX10="",DY10=""), "", IF(AND(DX$3=DX10,DY$3=DY10), 3, IF(AND(DX$3=DY$3,DX10=DY10), 2, IF(OR(AND(DX$3>DY$3,DX10>DY10), AND(DX$3<DY$3,DX10<DY10)), 1, 0)))) | EB10: WILSON OCAMPO | EC10: 2 | ED10: 1 | EE10: =IF(OR(EC$3="",ED$3="",EC10="",ED10=""), "", IF(AND(EC$3=EC10,ED$3=ED10), 3, IF(AND(EC$3=ED$3,EC10=ED10), 2, IF(OR(AND(EC$3>ED$3,EC10>ED10), AND(EC$3<ED$3,EC10<ED10)), 1, 0)))) | EG10: WILSON OCAMPO | EH10: 2 | EI10: 1 | EJ10: =IF(OR(EH$3="",EI$3="",EH10="",EI10=""), "", IF(AND(EH$3=EH10,EI$3=EI10), 3, IF(AND(EH$3=EI$3,EH10=EI10), 2, IF(OR(AND(EH$3>EI$3,EH10>EI10), AND(EH$3<EI$3,EH10<EI10)), 1, 0)))) | EL10: WILSON OCAMPO | EM10: 2 | EN10: 0 | EO10: =IF(OR(EM$3="",EN$3="",EM10="",EN10=""), "", IF(AND(EM$3=EM10,EN$3=EN10), 3, IF(AND(EM$3=EN$3,EM10=EN10), 2, IF(OR(AND(EM$3>EN$3,EM10>EN10), AND(EM$3<EN$3,EM10<EN10)), 1, 0)))) | EQ10: WILSON OCAMPO | ER10: 1 | ES10: 1 | ET10: =IF(OR(ER$3="",ES$3="",ER10="",ES10=""), "", IF(AND(ER$3=ER10,ES$3=ES10), 3, IF(AND(ER$3=ES$3,ER10=ES10), 2, IF(OR(AND(ER$3>ES$3,ER10>ES10), AND(ER$3<ES$3,ER10<ES10)), 1, 0)))) | EV10: WILSON OCAMPO | EW10: 4 | EX10: 0 | EY10: =IF(OR(EW$3="",EX$3="",EW10="",EX10=""), "", IF(AND(EW$3=EW10,EX$3=EX10), 3, IF(AND(EW$3=EX$3,EW10=EX10), 2, IF(OR(AND(EW$3>EX$3,EW10>EX10), AND(EW$3<EX$3,EW10<EX10)), 1, 0)))) | FA10: WILSON OCAMPO | FB10: 1 | FC10: 1 | FD10: =IF(OR(FB$3="",FC$3="",FB10="",FC10=""), "", IF(AND(FB$3=FB10,FC$3=FC10), 3, IF(AND(FB$3=FC$3,FB10=FC10), 2, IF(OR(AND(FB$3>FC$3,FB10>FC10), AND(FB$3<FC$3,FB10<FC10)), 1, 0)))) | FF10: WILSON OCAMPO | FG10: 2 | FH10: 1 | FI10: =IF(OR(FG$3="",FH$3="",FG10="",FH10=""), "", IF(AND(FG$3=FG10,FH$3=FH10), 3, IF(AND(FG$3=FH$3,FG10=FH10), 2, IF(OR(AND(FG$3>FH$3,FG10>FH10), AND(FG$3<FH$3,FG10<FH10)), 1, 0)))) | FK10: WILSON OCAMPO | FL10: 2 | FM10: 0 | FN10: =IF(OR(FL$3="",FM$3="",FL10="",FM10=""), "", IF(AND(FL$3=FL10,FM$3=FM10), 3, IF(AND(FL$3=FM$3,FL10=FM10), 2, IF(OR(AND(FL$3>FM$3,FL10>FM10), AND(FL$3<FM$3,FL10<FM10)), 1, 0)))) | FP10: WILSON OCAMPO | FQ10: 3 | FR10: 0 | FS10: =IF(OR(FQ$3="",FR$3="",FQ10="",FR10=""), "", IF(AND(FQ$3=FQ10,FR$3=FR10), 3, IF(AND(FQ$3=FR$3,FQ10=FR10), 2, IF(OR(AND(FQ$3>FR$3,FQ10>FR10), AND(FQ$3<FR$3,FQ10<FR10)), 1, 0)))) | FU10: WILSON OCAMPO | FV10: 0 | FW10: 1 | FX10: =IF(OR(FV$3="",FW$3="",FV10="",FW10=""), "", IF(AND(FV$3=FV10,FW$3=FW10), 3, IF(AND(FV$3=FW$3,FV10=FW10), 2, IF(OR(AND(FV$3>FW$3,FV10>FW10), AND(FV$3<FW$3,FV10<FW10)), 1, 0)))) | FZ10: WILSON OCAMPO | GA10: 3 | GB10: 0 | GC10: =IF(OR(GA$3="",GB$3="",GA10="",GB10=""), "", IF(AND(GA$3=GA10,GB$3=GB10), 3, IF(AND(GA$3=GB$3,GA10=GB10), 2, IF(OR(AND(GA$3>GB$3,GA10>GB10), AND(GA$3<GB$3,GA10<GB10)), 1, 0)))) | GE10: WILSON OCAMPO | GF10: 2 | GG10: 0 | GH10: =IF(OR(GF$3="",GG$3="",GF10="",GG10=""), "", IF(AND(GF$3=GF10,GG$3=GG10), 3, IF(AND(GF$3=GG$3,GF10=GG10), 2, IF(OR(AND(GF$3>GG$3,GF10>GG10), AND(GF$3<GG$3,GF10<GG10)), 1, 0)))) | GJ10: WILSON OCAMPO | GK10: 1 | GL10: 0 | GM10: =IF(OR(GK$3="",GL$3="",GK10="",GL10=""), "", IF(AND(GK$3=GK10,GL$3=GL10), 3, IF(AND(GK$3=GL$3,GK10=GL10), 2, IF(OR(AND(GK$3>GL$3,GK10>GL10), AND(GK$3<GL$3,GK10<GL10)), 1, 0)))) | GO10: WILSON OCAMPO | GP10: 0 | GQ10: 2 | GR10: =IF(OR(GP$3="",GQ$3="",GP10="",GQ10=""), "", IF(AND(GP$3=GP10,GQ$3=GQ10), 3, IF(AND(GP$3=GQ$3,GP10=GQ10), 2, IF(OR(AND(GP$3>GQ$3,GP10>GQ10), AND(GP$3<GQ$3,GP10<GQ10)), 1, 0)))) | GT10: WILSON OCAMPO | GU10: 3 | GV10: 1 | GW10: =IF(OR(GU$3="",GV$3="",GU10="",GV10=""), "", IF(AND(GU$3=GU10,GV$3=GV10), 3, IF(AND(GU$3=GV$3,GU10=GV10), 2, IF(OR(AND(GU$3>GV$3,GU10>GV10), AND(GU$3<GV$3,GU10<GV10)), 1, 0)))) | GY10: WILSON OCAMPO | GZ10: 2 | HA10: 0 | HB10: =IF(OR(GZ$3="",HA$3="",GZ10="",HA10=""), "", IF(AND(GZ$3=GZ10,HA$3=HA10), 3, IF(AND(GZ$3=HA$3,GZ10=HA10), 2, IF(OR(AND(GZ$3>HA$3,GZ10>HA10), AND(GZ$3<HA$3,GZ10<HA10)), 1, 0)))) | HD10: WILSON OCAMPO | HE10: 1 | HF10: 1 | HG10: =IF(OR(HE$3="",HF$3="",HE10="",HF10=""), "", IF(AND(HE$3=HE10,HF$3=HF10), 3, IF(AND(HE$3=HF$3,HE10=HF10), 2, IF(OR(AND(HE$3>HF$3,HE10>HF10), AND(HE$3<HF$3,HE10<HF10)), 1, 0)))) | HI10: WILSON OCAMPO | HJ10: 0 | HK10: 2 | HL10: =IF(OR(HJ$3="",HK$3="",HJ10="",HK10=""), "", IF(AND(HJ$3=HJ10,HK$3=HK10), 3, IF(AND(HJ$3=HK$3,HJ10=HK10), 2, IF(OR(AND(HJ$3>HK$3,HJ10>HK10), AND(HJ$3<HK$3,HJ10<HK10)), 1, 0)))) | HN10: WILSON OCAMPO | HO10: 4 | HP10: 0 | HQ10: =IF(OR(HO$3="",HP$3="",HO10="",HP10=""), "", IF(AND(HO$3=HO10,HP$3=HP10), 3, IF(AND(HO$3=HP$3,HO10=HP10), 2, IF(OR(AND(HO$3>HP$3,HO10>HP10), AND(HO$3<HP$3,HO10<HP10)), 1, 0)))) | HS10: WILSON OCAMPO | HT10: 2 | HU10: 1 | HV10: =IF(OR(HT$3="",HU$3="",HT10="",HU10=""), "", IF(AND(HT$3=HT10,HU$3=HU10), 3, IF(AND(HT$3=HU$3,HT10=HU10), 2, IF(OR(AND(HT$3>HU$3,HT10>HU10), AND(HT$3<HU$3,HT10<HU10)), 1, 0)))) | HX10: WILSON OCAMPO | HY10: 0 | HZ10: 2 | IA10: =IF(OR(HY$3="",HZ$3="",HY10="",HZ10=""), "", IF(AND(HY$3=HY10,HZ$3=HZ10), 3, IF(AND(HY$3=HZ$3,HY10=HZ10), 2, IF(OR(AND(HY$3>HZ$3,HY10>HZ10), AND(HY$3<HZ$3,HY10<HZ10)), 1, 0)))) | IC10: WILSON OCAMPO | ID10: 2 | IE10: 1 | IF10: =IF(OR(ID$3="",IE$3="",ID10="",IE10=""), "", IF(AND(ID$3=ID10,IE$3=IE10), 3, IF(AND(ID$3=IE$3,ID10=IE10), 2, IF(OR(AND(ID$3>IE$3,ID10>IE10), AND(ID$3<IE$3,ID10<IE10)), 1, 0)))) | IH10: WILSON OCAMPO | II10: 2 | IJ10: 1 | IK10: =IF(OR(II$3="",IJ$3="",II10="",IJ10=""), "", IF(AND(II$3=II10,IJ$3=IJ10), 3, IF(AND(II$3=IJ$3,II10=IJ10), 2, IF(OR(AND(II$3>IJ$3,II10>IJ10), AND(II$3<IJ$3,II10<IJ10)), 1, 0)))) | IM10: WILSON OCAMPO | IN10: 2 | IO10: 1 | IP10: =IF(OR(IN$3="",IO$3="",IN10="",IO10=""), "", IF(AND(IN$3=IN10,IO$3=IO10), 3, IF(AND(IN$3=IO$3,IN10=IO10), 2, IF(OR(AND(IN$3>IO$3,IN10>IO10), AND(IN$3<IO$3,IN10<IO10)), 1, 0)))) | IR10: WILSON OCAMPO | IS10: 3 | IT10: 0 | IU10: =IF(OR(IS$3="",IT$3="",IS10="",IT10=""), "", IF(AND(IS$3=IS10,IT$3=IT10), 3, IF(AND(IS$3=IT$3,IS10=IT10), 2, IF(OR(AND(IS$3>IT$3,IS10>IT10), AND(IS$3<IT$3,IS10<IT10)), 1, 0)))) | IW10: WILSON OCAMPO | IX10: 0 | IY10: 2 | IZ10: =IF(OR(IX$3="",IY$3="",IX10="",IY10=""), "", IF(AND(IX$3=IX10,IY$3=IY10), 3, IF(AND(IX$3=IY$3,IX10=IY10), 2, IF(OR(AND(IX$3>IY$3,IX10>IY10), AND(IX$3<IY$3,IX10<IY10)), 1, 0)))) | JB10: WILSON OCAMPO | JC10: 1 | JD10: 1 | JE10: =IF(OR(JC$3="",JD$3="",JC10="",JD10=""), "", IF(AND(JC$3=JC10,JD$3=JD10), 3, IF(AND(JC$3=JD$3,JC10=JD10), 2, IF(OR(AND(JC$3>JD$3,JC10>JD10), AND(JC$3<JD$3,JC10<JD10)), 1, 0)))) | JG10: WILSON OCAMPO | JH10: 0 | JI10: 2 | JJ10: =IF(OR(JH$3="",JI$3="",JH10="",JI10=""), "", IF(AND(JH$3=JH10,JI$3=JI10), 3, IF(AND(JH$3=JI$3,JH10=JI10), 2, IF(OR(AND(JH$3>JI$3,JH10>JI10), AND(JH$3<JI$3,JH10<JI10)), 1, 0)))) | JL10: WILSON OCAMPO | JM10: 0 | JN10: 2 | JO10: =IF(OR(JM$3="",JN$3="",JM10="",JN10=""), "", IF(AND(JM$3=JM10,JN$3=JN10), 3, IF(AND(JM$3=JN$3,JM10=JN10), 2, IF(OR(AND(JM$3>JN$3,JM10>JN10), AND(JM$3<JN$3,JM10<JN10)), 1, 0)))) | JQ10: WILSON OCAMPO | JR10: 1 | JS10: 3 | JT10: =IF(OR(JR$3="",JS$3="",JR10="",JS10=""), "", IF(AND(JR$3=JR10,JS$3=JS10), 3, IF(AND(JR$3=JS$3,JR10=JS10), 2, IF(OR(AND(JR$3>JS$3,JR10>JS10), AND(JR$3<JS$3,JR10<JS10)), 1, 0)))) | JV10: WILSON OCAMPO | JW10: 0 | JX10: 3 | JY10: =IF(OR(JW$3="",JX$3="",JW10="",JX10=""), "", IF(AND(JW$3=JW10,JX$3=JX10), 3, IF(AND(JW$3=JX$3,JW10=JX10), 2, IF(OR(AND(JW$3>JX$3,JW10>JX10), AND(JW$3<JX$3,JW10<JX10)), 1, 0)))) | KA10: WILSON OCAMPO | KB10: 1 | KC10: 2 | KD10: =IF(OR(KB$3="",KC$3="",KB10="",KC10=""), "", IF(AND(KB$3=KB10,KC$3=KC10), 3, IF(AND(KB$3=KC$3,KB10=KC10), 2, IF(OR(AND(KB$3>KC$3,KB10>KC10), AND(KB$3<KC$3,KB10<KC10)), 1, 0)))) | KF10: WILSON OCAMPO | KG10: 1 | KH10: 2 | KI10: =IF(OR(KG$3="",KH$3="",KG10="",KH10=""), "", IF(AND(KG$3=KG10,KH$3=KH10), 3, IF(AND(KG$3=KH$3,KG10=KH10), 2, IF(OR(AND(KG$3>KH$3,KG10>KH10), AND(KG$3<KH$3,KG10<KH10)), 1, 0)))) | KK10: WILSON OCAMPO | KL10: 2 | KM10: 0 | KN10: =IF(OR(KL$3="",KM$3="",KL10="",KM10=""), "", IF(AND(KL$3=KL10,KM$3=KM10), 3, IF(AND(KL$3=KM$3,KL10=KM10), 2, IF(OR(AND(KL$3>KM$3,KL10>KM10), AND(KL$3<KM$3,KL10<KM10)), 1, 0)))) | KP10: WILSON OCAMPO | KQ10: 1 | KR10: 3 | KS10: =IF(OR(KQ$3="",KR$3="",KQ10="",KR10=""), "", IF(AND(KQ$3=KQ10,KR$3=KR10), 3, IF(AND(KQ$3=KR$3,KQ10=KR10), 2, IF(OR(AND(KQ$3>KR$3,KQ10>KR10), AND(KQ$3<KR$3,KQ10<KR10)), 1, 0)))) | KU10: WILSON OCAMPO | KV10: 2 | KW10: 1 | KX10: =IF(OR(KV$3="",KW$3="",KV10="",KW10=""), "", IF(AND(KV$3=KV10,KW$3=KW10), 3, IF(AND(KV$3=KW$3,KV10=KW10), 2, IF(OR(AND(KV$3>KW$3,KV10>KW10), AND(KV$3<KW$3,KV10<KW10)), 1, 0)))) | KZ10: WILSON OCAMPO | LA10: 1 | LB10: 1 | LC10: =IF(OR(LA$3="",LB$3="",LA10="",LB10=""), "", IF(AND(LA$3=LA10,LB$3=LB10), 3, IF(AND(LA$3=LB$3,LA10=LB10), 2, IF(OR(AND(LA$3>LB$3,LA10>LB10), AND(LA$3<LB$3,LA10<LB10)), 1, 0)))) | LE10: WILSON OCAMPO | LF10: 1 | LG10: 3 | LH10: =IF(OR(LF$3="",LG$3="",LF10="",LG10=""), "", IF(AND(LF$3=LF10,LG$3=LG10), 3, IF(AND(LF$3=LG$3,LF10=LG10), 2, IF(OR(AND(LF$3>LG$3,LF10>LG10), AND(LF$3<LG$3,LF10<LG10)), 1, 0)))) | LJ10: WILSON OCAMPO | LK10: 0 | LL10: 3 | LM10: =IF(OR(LK$3="",LL$3="",LK10="",LL10=""), "", IF(AND(LK$3=LK10,LL$3=LL10), 3, IF(AND(LK$3=LL$3,LK10=LL10), 2, IF(OR(AND(LK$3>LL$3,LK10>LL10), AND(LK$3<LL$3,LK10<LL10)), 1, 0)))) | LO10: WILSON OCAMPO | LP10: 2 | LQ10: 1 | LR10: =IF(OR(LP$3="",LQ$3="",LP10="",LQ10=""), "", IF(AND(LP$3=LP10,LQ$3=LQ10), 3, IF(AND(LP$3=LQ$3,LP10=LQ10), 2, IF(OR(AND(LP$3>LQ$3,LP10>LQ10), AND(LP$3<LQ$3,LP10<LQ10)), 1, 0)))) | LT10: WILSON OCAMPO | LU10: 0 | LV10: 3 | LW10: =IF(OR(LU$3="",LV$3="",LU10="",LV10=""), "", IF(AND(LU$3=LU10,LV$3=LV10), 3, IF(AND(LU$3=LV$3,LU10=LV10), 2, IF(OR(AND(LU$3>LV$3,LU10>LV10), AND(LU$3<LV$3,LU10<LV10)), 1, 0)))) | LY10: WILSON OCAMPO | LZ10: 2 | MA10: 1 | MB10: =IF(OR(LZ$3="",MA$3="",LZ10="",MA10=""), "", IF(AND(LZ$3=LZ10,MA$3=MA10), 3, IF(AND(LZ$3=MA$3,LZ10=MA10), 2, IF(OR(AND(LZ$3>MA$3,LZ10>MA10), AND(LZ$3<MA$3,LZ10<MA10)), 1, 0)))) | MD10: WILSON OCAMPO | ME10: 1 | MF10: 2 | MG10: =IF(OR(ME$3="",MF$3="",ME10="",MF10=""), "", IF(AND(ME$3=ME10,MF$3=MF10), 3, IF(AND(ME$3=MF$3,ME10=MF10), 2, IF(OR(AND(ME$3>MF$3,ME10>MF10), AND(ME$3<MF$3,ME10<MF10)), 1, 0)))) | MI10: WILSON OCAMPO | MJ10: 2 | MK10: 0 | ML10: =IF(OR(MJ$3="",MK$3="",MJ10="",MK10=""), "", IF(AND(MJ$3=MJ10,MK$3=MK10), 3, IF(AND(MJ$3=MK$3,MJ10=MK10), 2, IF(OR(AND(MJ$3>MK$3,MJ10>MK10), AND(MJ$3<MK$3,MJ10<MK10)), 1, 0)))) | MN10: WILSON OCAMPO | MO10: 2 | MP10: 2 | MQ10: =IF(OR(MO$3="",MP$3="",MO10="",MP10=""), "", IF(AND(MO$3=MO10,MP$3=MP10), 3, IF(AND(MO$3=MP$3,MO10=MP10), 2, IF(OR(AND(MO$3>MP$3,MO10>MP10), AND(MO$3<MP$3,MO10<MP10)), 1, 0)))) | MS10: WILSON OCAMPO | MT10: 0 | MU10: 3 | MV10: =IF(OR(MT$3="",MU$3="",MT10="",MU10=""), "", IF(AND(MT$3=MT10,MU$3=MU10), 3, IF(AND(MT$3=MU$3,MT10=MU10), 2, IF(OR(AND(MT$3>MU$3,MT10>MU10), AND(MT$3<MU$3,MT10<MU10)), 1, 0)))) | MX10: WILSON OCAMPO | MY10: FRANCIA | NA10: BRASIL | NC10: ESPAÑA | NE10: PORTUGAL | NG10: KILIAM MBAPE | NI10: =SUM(E10,J10,O10,T10,Y10,AD10,AI10,AN10,AS10,AX10,BC10,BH10,BM10,BR10,,BW10,CB10,CG10,CL10,CQ10,CV10,DA10,DF10,DK10,DP10,DU10,DZ10,EE10,EJ10,EO10,ET10,EY10,FD10,FI10,FN10,FS10,FX10,GC10,GH10,GM10,GR10,GW10,HB10,HG10,HL10,HQ10,HV10,IA10,IF10,IK10,IP10,IU10,IZ10,JE10,JJ10,JO10,JT10,JY10,KD10,KI10,KN10,KS10,KX10,LC10,LH10,LM10,LR10,LW10,MB10,MG10,ML10,MQ10,MV10,MZ10,NB10,ND10,NF10,NH10,) -> 7
A11: 8 | B11: JADER GOMEZ | C11: 2 | D11: 1 | E11: =IF(OR(C$3="",D$3="",C11="",D11=""), "", IF(AND(C$3=C11,D$3=D11), 3, IF(AND(C$3=D$3,C11=D11), 2, IF(OR(AND(C$3>D$3,C11>D11), AND(C$3<D$3,C11<D11)), 1, 0)))) -> 1 | G11: JADER GOMEZ | H11: 2 | I11: 0 | J11: =IF(OR(H$3="",I$3="",H11="",I11=""), "", IF(AND(H$3=H11,I$3=I11), 3, IF(AND(H$3=I$3,H11=I11), 2, IF(OR(AND(H$3>I$3,H11>I11), AND(H$3<I$3,H11<I11)), 1, 0)))) -> 1 | L11: JADER GOMEZ | M11: 3 | N11: 0 | O11: =IF(OR(M$3="",N$3="",M11="",N11=""), "", IF(AND(M$3=M11,N$3=N11), 3, IF(AND(M$3=N$3,M11=N11), 2, IF(OR(AND(M$3>N$3,M11>N11), AND(M$3<N$3,M11<N11)), 1, 0)))) -> 0 | Q11: JADER GOMEZ | R11: 2 | S11: 0 | T11: =IF(OR(R$3="",S$3="",R11="",S11=""), "", IF(AND(R$3=R11,S$3=S11), 3, IF(AND(R$3=S$3,R11=S11), 2, IF(OR(AND(R$3>S$3,R11>S11), AND(R$3<S$3,R11<S11)), 1, 0)))) -> 1 | V11: JADER GOMEZ | W11: 1 | X11: 2 | Y11: =IF(OR(W$3="",X$3="",W11="",X11=""), "", IF(AND(W$3=W11,X$3=X11), 3, IF(AND(W$3=X$3,W11=X11), 2, IF(OR(AND(W$3>X$3,W11>X11), AND(W$3<X$3,W11<X11)), 1, 0)))) -> 0 | AA11: JADER GOMEZ | AB11: 2 | AC11: 1 | AD11: =IF(OR(AB$3="",AC$3="",AB11="",AC11=""), "", IF(AND(AB$3=AB11,AC$3=AC11), 3, IF(AND(AB$3=AC$3,AB11=AC11), 2, IF(OR(AND(AB$3>AC$3,AB11>AC11), AND(AB$3<AC$3,AB11<AC11)), 1, 0)))) -> 0 | AF11: JADER GOMEZ | AG11: 0 | AH11: 2 | AI11: =IF(OR(AG$3="",AH$3="",AG11="",AH11=""), "", IF(AND(AG$3=AG11,AH$3=AH11), 3, IF(AND(AG$3=AH$3,AG11=AH11), 2, IF(OR(AND(AG$3>AH$3,AG11>AH11), AND(AG$3<AH$3,AG11<AH11)), 1, 0)))) | AK11: JADER GOMEZ | AL11: 1 | AM11: 2 | AN11: =IF(OR(AL$3="",AM$3="",AL11="",AM11=""), "", IF(AND(AL$3=AL11,AM$3=AM11), 3, IF(AND(AL$3=AM$3,AL11=AM11), 2, IF(OR(AND(AL$3>AM$3,AL11>AM11), AND(AL$3<AM$3,AL11<AM11)), 1, 0)))) | AP11: JADER GOMEZ | AQ11: 4 | AR11: 1 | AS11: =IF(OR(AQ$3="",AR$3="",AQ11="",AR11=""), "", IF(AND(AQ$3=AQ11,AR$3=AR11), 3, IF(AND(AQ$3=AR$3,AQ11=AR11), 2, IF(OR(AND(AQ$3>AR$3,AQ11>AR11), AND(AQ$3<AR$3,AQ11<AR11)), 1, 0)))) | AU11: JADER GOMEZ | AV11: 1 | AW11: 0 | AX11: =IF(OR(AV$3="",AW$3="",AV11="",AW11=""), "", IF(AND(AV$3=AV11,AW$3=AW11), 3, IF(AND(AV$3=AW$3,AV11=AW11), 2, IF(OR(AND(AV$3>AW$3,AV11>AW11), AND(AV$3<AW$3,AV11<AW11)), 1, 0)))) | AZ11: JADER GOMEZ | BA11: 0 | BB11: 2 | BC11: =IF(OR(BA$3="",BB$3="",BA11="",BB11=""), "", IF(AND(BA$3=BA11,BB$3=BB11), 3, IF(AND(BA$3=BB$3,BA11=BB11), 2, IF(OR(AND(BA$3>BB$3,BA11>BB11), AND(BA$3<BB$3,BA11<BB11)), 1, 0)))) | BE11: JADER GOMEZ | BF11: 2 | BG11: 0 | BH11: =IF(OR(BF$3="",BG$3="",BF11="",BG11=""), "", IF(AND(BF$3=BF11,BG$3=BG11), 3, IF(AND(BF$3=BG$3,BF11=BG11), 2, IF(OR(AND(BF$3>BG$3,BF11>BG11), AND(BF$3<BG$3,BF11<BG11)), 1, 0)))) | BJ11: JADER GOMEZ | BK11: 4 | BL11: 0 | BM11: =IF(OR(BK$3="",BL$3="",BK11="",BL11=""), "", IF(AND(BK$3=BK11,BL$3=BL11), 3, IF(AND(BK$3=BL$3,BK11=BL11), 2, IF(OR(AND(BK$3>BL$3,BK11>BL11), AND(BK$3<BL$3,BK11<BL11)), 1, 0)))) | BO11: JADER GOMEZ | BP11: 3 | BQ11: 1 | BR11: =IF(OR(BP$3="",BQ$3="",BP11="",BQ11=""), "", IF(AND(BP$3=BP11,BQ$3=BQ11), 3, IF(AND(BP$3=BQ$3,BP11=BQ11), 2, IF(OR(AND(BP$3>BQ$3,BP11>BQ11), AND(BP$3<BQ$3,BP11<BQ11)), 1, 0)))) | BT11: JADER GOMEZ | BU11: 0 | BV11: 2 | BW11: =IF(OR(BU$3="",BV$3="",BU11="",BV11=""), "", IF(AND(BU$3=BU11,BV$3=BV11), 3, IF(AND(BU$3=BV$3,BU11=BV11), 2, IF(OR(AND(BU$3>BV$3,BU11>BV11), AND(BU$3<BV$3,BU11<BV11)), 1, 0)))) | BY11: JADER GOMEZ | BZ11: 1 | CA11: 2 | CB11: =IF(OR(BZ$3="",CA$3="",BZ11="",CA11=""), "", IF(AND(BZ$3=BZ11,CA$3=CA11), 3, IF(AND(BZ$3=CA$3,BZ11=CA11), 2, IF(OR(AND(BZ$3>CA$3,BZ11>CA11), AND(BZ$3<CA$3,BZ11<CA11)), 1, 0)))) | CD11: JADER GOMEZ | CE11: 3 | CF11: 1 | CG11: =IF(OR(CE$3="",CF$3="",CE11="",CF11=""), "", IF(AND(CE$3=CE11,CF$3=CF11), 3, IF(AND(CE$3=CF$3,CE11=CF11), 2, IF(OR(AND(CE$3>CF$3,CE11>CF11), AND(CE$3<CF$3,CE11<CF11)), 1, 0)))) | CI11: JADER GOMEZ | CJ11: 1 | CK11: 2 | CL11: =IF(OR(CJ$3="",CK$3="",CJ11="",CK11=""), "", IF(AND(CJ$3=CJ11,CK$3=CK11), 3, IF(AND(CJ$3=CK$3,CJ11=CK11), 2, IF(OR(AND(CJ$3>CK$3,CJ11>CK11), AND(CJ$3<CK$3,CJ11<CK11)), 1, 0)))) | CN11: JADER GOMEZ | CO11: 3 | CP11: 1 | CQ11: =IF(OR(CO$3="",CP$3="",CO11="",CP11=""), "", IF(AND(CO$3=CO11,CP$3=CP11), 3, IF(AND(CO$3=CP$3,CO11=CP11), 2, IF(OR(AND(CO$3>CP$3,CO11>CP11), AND(CO$3<CP$3,CO11<CP11)), 1, 0)))) | CS11: JADER GOMEZ | CT11: 1 | CU11: 1 | CV11: =IF(OR(CT$3="",CU$3="",CT11="",CU11=""), "", IF(AND(CT$3=CT11,CU$3=CU11), 3, IF(AND(CT$3=CU$3,CT11=CU11), 2, IF(OR(AND(CT$3>CU$3,CT11>CU11), AND(CT$3<CU$3,CT11<CU11)), 1, 0)))) | CX11: JADER GOMEZ | CY11: 3 | CZ11: 0 | DA11: =IF(OR(CY$3="",CZ$3="",CY11="",CZ11=""), "", IF(AND(CY$3=CY11,CZ$3=CZ11), 3, IF(AND(CY$3=CZ$3,CY11=CZ11), 2, IF(OR(AND(CY$3>CZ$3,CY11>CZ11), AND(CY$3<CZ$3,CY11<CZ11)), 1, 0)))) | DC11: JADER GOMEZ | DD11: 2 | DE11: 1 | DF11: =IF(OR(DD$3="",DE$3="",DD11="",DE11=""), "", IF(AND(DD$3=DD11,DE$3=DE11), 3, IF(AND(DD$3=DE$3,DD11=DE11), 2, IF(OR(AND(DD$3>DE$3,DD11>DE11), AND(DD$3<DE$3,DD11<DE11)), 1, 0)))) | DH11: JADER GOMEZ | DI11: 1 | DJ11: 0 | DK11: =IF(OR(DI$3="",DJ$3="",DI11="",DJ11=""), "", IF(AND(DI$3=DI11,DJ$3=DJ11), 3, IF(AND(DI$3=DJ$3,DI11=DJ11), 2, IF(OR(AND(DI$3>DJ$3,DI11>DJ11), AND(DI$3<DJ$3,DI11<DJ11)), 1, 0)))) | DM11: JADER GOMEZ | DN11: 0 | DO11: 2 | DP11: =IF(OR(DN$3="",DO$3="",DN11="",DO11=""), "", IF(AND(DN$3=DN11,DO$3=DO11), 3, IF(AND(DN$3=DO$3,DN11=DO11), 2, IF(OR(AND(DN$3>DO$3,DN11>DO11), AND(DN$3<DO$3,DN11<DO11)), 1, 0)))) | DR11: JADER GOMEZ | DS11: 1 | DT11: 3 | DU11: =IF(OR(DS$3="",DT$3="",DS11="",DT11=""), "", IF(AND(DS$3=DS11,DT$3=DT11), 3, IF(AND(DS$3=DT$3,DS11=DT11), 2, IF(OR(AND(DS$3>DT$3,DS11>DT11), AND(DS$3<DT$3,DS11<DT11)), 1, 0)))) | DW11: JADER GOMEZ | DX11: 2 | DY11: 0 | DZ11: =IF(OR(DX$3="",DY$3="",DX11="",DY11=""), "", IF(AND(DX$3=DX11,DY$3=DY11), 3, IF(AND(DX$3=DY$3,DX11=DY11), 2, IF(OR(AND(DX$3>DY$3,DX11>DY11), AND(DX$3<DY$3,DX11<DY11)), 1, 0)))) | EB11: JADER GOMEZ | EC11: 2 | ED11: 0 | EE11: =IF(OR(EC$3="",ED$3="",EC11="",ED11=""), "", IF(AND(EC$3=EC11,ED$3=ED11), 3, IF(AND(EC$3=ED$3,EC11=ED11), 2, IF(OR(AND(EC$3>ED$3,EC11>ED11), AND(EC$3<ED$3,EC11<ED11)), 1, 0)))) | EG11: JADER GOMEZ | EH11: 2 | EI11: 0 | EJ11: =IF(OR(EH$3="",EI$3="",EH11="",EI11=""), "", IF(AND(EH$3=EH11,EI$3=EI11), 3, IF(AND(EH$3=EI$3,EH11=EI11), 2, IF(OR(AND(EH$3>EI$3,EH11>EI11), AND(EH$3<EI$3,EH11<EI11)), 1, 0)))) | EL11: JADER GOMEZ | EM11: 2 | EN11: 1 | EO11: =IF(OR(EM$3="",EN$3="",EM11="",EN11=""), "", IF(AND(EM$3=EM11,EN$3=EN11), 3, IF(AND(EM$3=EN$3,EM11=EN11), 2, IF(OR(AND(EM$3>EN$3,EM11>EN11), AND(EM$3<EN$3,EM11<EN11)), 1, 0)))) | EQ11: JADER GOMEZ | ER11: 1 | ES11: 2 | ET11: =IF(OR(ER$3="",ES$3="",ER11="",ES11=""), "", IF(AND(ER$3=ER11,ES$3=ES11), 3, IF(AND(ER$3=ES$3,ER11=ES11), 2, IF(OR(AND(ER$3>ES$3,ER11>ES11), AND(ER$3<ES$3,ER11<ES11)), 1, 0)))) | EV11: JADER GOMEZ | EW11: 3 | EX11: 0 | EY11: =IF(OR(EW$3="",EX$3="",EW11="",EX11=""), "", IF(AND(EW$3=EW11,EX$3=EX11), 3, IF(AND(EW$3=EX$3,EW11=EX11), 2, IF(OR(AND(EW$3>EX$3,EW11>EX11), AND(EW$3<EX$3,EW11<EX11)), 1, 0)))) | FA11: JADER GOMEZ | FB11: 0 | FC11: 2 | FD11: =IF(OR(FB$3="",FC$3="",FB11="",FC11=""), "", IF(AND(FB$3=FB11,FC$3=FC11), 3, IF(AND(FB$3=FC$3,FB11=FC11), 2, IF(OR(AND(FB$3>FC$3,FB11>FC11), AND(FB$3<FC$3,FB11<FC11)), 1, 0)))) | FF11: JADER GOMEZ | FG11: 2 | FH11: 1 | FI11: =IF(OR(FG$3="",FH$3="",FG11="",FH11=""), "", IF(AND(FG$3=FG11,FH$3=FH11), 3, IF(AND(FG$3=FH$3,FG11=FH11), 2, IF(OR(AND(FG$3>FH$3,FG11>FH11), AND(FG$3<FH$3,FG11<FH11)), 1, 0)))) | FK11: JADER GOMEZ | FL11: 3 | FM11: 1 | FN11: =IF(OR(FL$3="",FM$3="",FL11="",FM11=""), "", IF(AND(FL$3=FL11,FM$3=FM11), 3, IF(AND(FL$3=FM$3,FL11=FM11), 2, IF(OR(AND(FL$3>FM$3,FL11>FM11), AND(FL$3<FM$3,FL11<FM11)), 1, 0)))) | FP11: JADER GOMEZ | FQ11: 4 | FR11: 2 | FS11: =IF(OR(FQ$3="",FR$3="",FQ11="",FR11=""), "", IF(AND(FQ$3=FQ11,FR$3=FR11), 3, IF(AND(FQ$3=FR$3,FQ11=FR11), 2, IF(OR(AND(FQ$3>FR$3,FQ11>FR11), AND(FQ$3<FR$3,FQ11<FR11)), 1, 0)))) | FU11: JADER GOMEZ | FV11: 0 | FW11: 2 | FX11: =IF(OR(FV$3="",FW$3="",FV11="",FW11=""), "", IF(AND(FV$3=FV11,FW$3=FW11), 3, IF(AND(FV$3=FW$3,FV11=FW11), 2, IF(OR(AND(FV$3>FW$3,FV11>FW11), AND(FV$3<FW$3,FV11<FW11)), 1, 0)))) | FZ11: JADER GOMEZ | GA11: 2 | GB11: 1 | GC11: =IF(OR(GA$3="",GB$3="",GA11="",GB11=""), "", IF(AND(GA$3=GA11,GB$3=GB11), 3, IF(AND(GA$3=GB$3,GA11=GB11), 2, IF(OR(AND(GA$3>GB$3,GA11>GB11), AND(GA$3<GB$3,GA11<GB11)), 1, 0)))) | GE11: JADER GOMEZ | GF11: 2 | GG11: 0 | GH11: =IF(OR(GF$3="",GG$3="",GF11="",GG11=""), "", IF(AND(GF$3=GF11,GG$3=GG11), 3, IF(AND(GF$3=GG$3,GF11=GG11), 2, IF(OR(AND(GF$3>GG$3,GF11>GG11), AND(GF$3<GG$3,GF11<GG11)), 1, 0)))) | GJ11: JADER GOMEZ | GK11: 3 | GL11: 0 | GM11: =IF(OR(GK$3="",GL$3="",GK11="",GL11=""), "", IF(AND(GK$3=GK11,GL$3=GL11), 3, IF(AND(GK$3=GL$3,GK11=GL11), 2, IF(OR(AND(GK$3>GL$3,GK11>GL11), AND(GK$3<GL$3,GK11<GL11)), 1, 0)))) | GO11: JADER GOMEZ | GP11: 1 | GQ11: 1 | GR11: =IF(OR(GP$3="",GQ$3="",GP11="",GQ11=""), "", IF(AND(GP$3=GP11,GQ$3=GQ11), 3, IF(AND(GP$3=GQ$3,GP11=GQ11), 2, IF(OR(AND(GP$3>GQ$3,GP11>GQ11), AND(GP$3<GQ$3,GP11<GQ11)), 1, 0)))) | GT11: JADER GOMEZ | GU11: 4 | GV11: 0 | GW11: =IF(OR(GU$3="",GV$3="",GU11="",GV11=""), "", IF(AND(GU$3=GU11,GV$3=GV11), 3, IF(AND(GU$3=GV$3,GU11=GV11), 2, IF(OR(AND(GU$3>GV$3,GU11>GV11), AND(GU$3<GV$3,GU11<GV11)), 1, 0)))) | GY11: JADER GOMEZ | GZ11: 3 | HA11: 0 | HB11: =IF(OR(GZ$3="",HA$3="",GZ11="",HA11=""), "", IF(AND(GZ$3=GZ11,HA$3=HA11), 3, IF(AND(GZ$3=HA$3,GZ11=HA11), 2, IF(OR(AND(GZ$3>HA$3,GZ11>HA11), AND(GZ$3<HA$3,GZ11<HA11)), 1, 0)))) | HD11: JADER GOMEZ | HE11: 2 | HF11: 2 | HG11: =IF(OR(HE$3="",HF$3="",HE11="",HF11=""), "", IF(AND(HE$3=HE11,HF$3=HF11), 3, IF(AND(HE$3=HF$3,HE11=HF11), 2, IF(OR(AND(HE$3>HF$3,HE11>HF11), AND(HE$3<HF$3,HE11<HF11)), 1, 0)))) | HI11: JADER GOMEZ | HJ11: 0 | HK11: 2 | HL11: =IF(OR(HJ$3="",HK$3="",HJ11="",HK11=""), "", IF(AND(HJ$3=HJ11,HK$3=HK11), 3, IF(AND(HJ$3=HK$3,HJ11=HK11), 2, IF(OR(AND(HJ$3>HK$3,HJ11>HK11), AND(HJ$3<HK$3,HJ11<HK11)), 1, 0)))) | HN11: JADER GOMEZ | HO11: 4 | HP11: 0 | HQ11: =IF(OR(HO$3="",HP$3="",HO11="",HP11=""), "", IF(AND(HO$3=HO11,HP$3=HP11), 3, IF(AND(HO$3=HP$3,HO11=HP11), 2, IF(OR(AND(HO$3>HP$3,HO11>HP11), AND(HO$3<HP$3,HO11<HP11)), 1, 0)))) | HS11: JADER GOMEZ | HT11: 3 | HU11: 1 | HV11: =IF(OR(HT$3="",HU$3="",HT11="",HU11=""), "", IF(AND(HT$3=HT11,HU$3=HU11), 3, IF(AND(HT$3=HU$3,HT11=HU11), 2, IF(OR(AND(HT$3>HU$3,HT11>HU11), AND(HT$3<HU$3,HT11<HU11)), 1, 0)))) | HX11: JADER GOMEZ | HY11: 0 | HZ11: 2 | IA11: =IF(OR(HY$3="",HZ$3="",HY11="",HZ11=""), "", IF(AND(HY$3=HY11,HZ$3=HZ11), 3, IF(AND(HY$3=HZ$3,HY11=HZ11), 2, IF(OR(AND(HY$3>HZ$3,HY11>HZ11), AND(HY$3<HZ$3,HY11<HZ11)), 1, 0)))) | IC11: JADER GOMEZ | ID11: 3 | IE11: 1 | IF11: =IF(OR(ID$3="",IE$3="",ID11="",IE11=""), "", IF(AND(ID$3=ID11,IE$3=IE11), 3, IF(AND(ID$3=IE$3,ID11=IE11), 2, IF(OR(AND(ID$3>IE$3,ID11>IE11), AND(ID$3<IE$3,ID11<IE11)), 1, 0)))) | IH11: JADER GOMEZ | II11: 2 | IJ11: 2 | IK11: =IF(OR(II$3="",IJ$3="",II11="",IJ11=""), "", IF(AND(II$3=II11,IJ$3=IJ11), 3, IF(AND(II$3=IJ$3,II11=IJ11), 2, IF(OR(AND(II$3>IJ$3,II11>IJ11), AND(II$3<IJ$3,II11<IJ11)), 1, 0)))) | IM11: JADER GOMEZ | IN11: 0 | IO11: 1 | IP11: =IF(OR(IN$3="",IO$3="",IN11="",IO11=""), "", IF(AND(IN$3=IN11,IO$3=IO11), 3, IF(AND(IN$3=IO$3,IN11=IO11), 2, IF(OR(AND(IN$3>IO$3,IN11>IO11), AND(IN$3<IO$3,IN11<IO11)), 1, 0)))) | IR11: JADER GOMEZ | IS11: 4 | IT11: 1 | IU11: =IF(OR(IS$3="",IT$3="",IS11="",IT11=""), "", IF(AND(IS$3=IS11,IT$3=IT11), 3, IF(AND(IS$3=IT$3,IS11=IT11), 2, IF(OR(AND(IS$3>IT$3,IS11>IT11), AND(IS$3<IT$3,IS11<IT11)), 1, 0)))) | IW11: JADER GOMEZ | IX11: 1 | IY11: 3 | IZ11: =IF(OR(IX$3="",IY$3="",IX11="",IY11=""), "", IF(AND(IX$3=IX11,IY$3=IY11), 3, IF(AND(IX$3=IY$3,IX11=IY11), 2, IF(OR(AND(IX$3>IY$3,IX11>IY11), AND(IX$3<IY$3,IX11<IY11)), 1, 0)))) | JB11: JADER GOMEZ | JC11: 3 | JD11: 1 | JE11: =IF(OR(JC$3="",JD$3="",JC11="",JD11=""), "", IF(AND(JC$3=JC11,JD$3=JD11), 3, IF(AND(JC$3=JD$3,JC11=JD11), 2, IF(OR(AND(JC$3>JD$3,JC11>JD11), AND(JC$3<JD$3,JC11<JD11)), 1, 0)))) | JG11: JADER GOMEZ | JH11: 0 | JI11: 1 | JJ11: =IF(OR(JH$3="",JI$3="",JH11="",JI11=""), "", IF(AND(JH$3=JH11,JI$3=JI11), 3, IF(AND(JH$3=JI$3,JH11=JI11), 2, IF(OR(AND(JH$3>JI$3,JH11>JI11), AND(JH$3<JI$3,JH11<JI11)), 1, 0)))) | JL11: JADER GOMEZ | JM11: 1 | JN11: 1 | JO11: =IF(OR(JM$3="",JN$3="",JM11="",JN11=""), "", IF(AND(JM$3=JM11,JN$3=JN11), 3, IF(AND(JM$3=JN$3,JM11=JN11), 2, IF(OR(AND(JM$3>JN$3,JM11>JN11), AND(JM$3<JN$3,JM11<JN11)), 1, 0)))) | JQ11: JADER GOMEZ | JR11: 1 | JS11: 2 | JT11: =IF(OR(JR$3="",JS$3="",JR11="",JS11=""), "", IF(AND(JR$3=JR11,JS$3=JS11), 3, IF(AND(JR$3=JS$3,JR11=JS11), 2, IF(OR(AND(JR$3>JS$3,JR11>JS11), AND(JR$3<JS$3,JR11<JS11)), 1, 0)))) | JV11: JADER GOMEZ | JW11: 1 | JX11: 3 | JY11: =IF(OR(JW$3="",JX$3="",JW11="",JX11=""), "", IF(AND(JW$3=JW11,JX$3=JX11), 3, IF(AND(JW$3=JX$3,JW11=JX11), 2, IF(OR(AND(JW$3>JX$3,JW11>JX11), AND(JW$3<JX$3,JW11<JX11)), 1, 0)))) | KA11: JADER GOMEZ | KB11: 3 | KC11: 2 | KD11: =IF(OR(KB$3="",KC$3="",KB11="",KC11=""), "", IF(AND(KB$3=KB11,KC$3=KC11), 3, IF(AND(KB$3=KC$3,KB11=KC11), 2, IF(OR(AND(KB$3>KC$3,KB11>KC11), AND(KB$3<KC$3,KB11<KC11)), 1, 0)))) | KF11: JADER GOMEZ | KG11: 1 | KH11: 1 | KI11: =IF(OR(KG$3="",KH$3="",KG11="",KH11=""), "", IF(AND(KG$3=KG11,KH$3=KH11), 3, IF(AND(KG$3=KH$3,KG11=KH11), 2, IF(OR(AND(KG$3>KH$3,KG11>KH11), AND(KG$3<KH$3,KG11<KH11)), 1, 0)))) | KK11: JADER GOMEZ | KL11: 2 | KM11: 1 | KN11: =IF(OR(KL$3="",KM$3="",KL11="",KM11=""), "", IF(AND(KL$3=KL11,KM$3=KM11), 3, IF(AND(KL$3=KM$3,KL11=KM11), 2, IF(OR(AND(KL$3>KM$3,KL11>KM11), AND(KL$3<KM$3,KL11<KM11)), 1, 0)))) | KP11: JADER GOMEZ | KQ11: 1 | KR11: 2 | KS11: =IF(OR(KQ$3="",KR$3="",KQ11="",KR11=""), "", IF(AND(KQ$3=KQ11,KR$3=KR11), 3, IF(AND(KQ$3=KR$3,KQ11=KR11), 2, IF(OR(AND(KQ$3>KR$3,KQ11>KR11), AND(KQ$3<KR$3,KQ11<KR11)), 1, 0)))) | KU11: JADER GOMEZ | KV11: 1 | KW11: 0 | KX11: =IF(OR(KV$3="",KW$3="",KV11="",KW11=""), "", IF(AND(KV$3=KV11,KW$3=KW11), 3, IF(AND(KV$3=KW$3,KV11=KW11), 2, IF(OR(AND(KV$3>KW$3,KV11>KW11), AND(KV$3<KW$3,KV11<KW11)), 1, 0)))) | KZ11: JADER GOMEZ | LA11: 1 | LB11: 1 | LC11: =IF(OR(LA$3="",LB$3="",LA11="",LB11=""), "", IF(AND(LA$3=LA11,LB$3=LB11), 3, IF(AND(LA$3=LB$3,LA11=LB11), 2, IF(OR(AND(LA$3>LB$3,LA11>LB11), AND(LA$3<LB$3,LA11<LB11)), 1, 0)))) | LE11: JADER GOMEZ | LF11: 1 | LG11: 2 | LH11: =IF(OR(LF$3="",LG$3="",LF11="",LG11=""), "", IF(AND(LF$3=LF11,LG$3=LG11), 3, IF(AND(LF$3=LG$3,LF11=LG11), 2, IF(OR(AND(LF$3>LG$3,LF11>LG11), AND(LF$3<LG$3,LF11<LG11)), 1, 0)))) | LJ11: JADER GOMEZ | LK11: 0 | LL11: 0 | LM11: =IF(OR(LK$3="",LL$3="",LK11="",LL11=""), "", IF(AND(LK$3=LK11,LL$3=LL11), 3, IF(AND(LK$3=LL$3,LK11=LL11), 2, IF(OR(AND(LK$3>LL$3,LK11>LL11), AND(LK$3<LL$3,LK11<LL11)), 1, 0)))) | LO11: JADER GOMEZ | LP11: 2 | LQ11: 1 | LR11: =IF(OR(LP$3="",LQ$3="",LP11="",LQ11=""), "", IF(AND(LP$3=LP11,LQ$3=LQ11), 3, IF(AND(LP$3=LQ$3,LP11=LQ11), 2, IF(OR(AND(LP$3>LQ$3,LP11>LQ11), AND(LP$3<LQ$3,LP11<LQ11)), 1, 0)))) | LT11: JADER GOMEZ | LU11: 0 | LV11: 3 | LW11: =IF(OR(LU$3="",LV$3="",LU11="",LV11=""), "", IF(AND(LU$3=LU11,LV$3=LV11), 3, IF(AND(LU$3=LV$3,LU11=LV11), 2, IF(OR(AND(LU$3>LV$3,LU11>LV11), AND(LU$3<LV$3,LU11<LV11)), 1, 0)))) | LY11: JADER GOMEZ | LZ11: 2 | MA11: 1 | MB11: =IF(OR(LZ$3="",MA$3="",LZ11="",MA11=""), "", IF(AND(LZ$3=LZ11,MA$3=MA11), 3, IF(AND(LZ$3=MA$3,LZ11=MA11), 2, IF(OR(AND(LZ$3>MA$3,LZ11>MA11), AND(LZ$3<MA$3,LZ11<MA11)), 1, 0)))) | MD11: JADER GOMEZ | ME11: 1 | MF11: 2 | MG11: =IF(OR(ME$3="",MF$3="",ME11="",MF11=""), "", IF(AND(ME$3=ME11,MF$3=MF11), 3, IF(AND(ME$3=MF$3,ME11=MF11), 2, IF(OR(AND(ME$3>MF$3,ME11>MF11), AND(ME$3<MF$3,ME11<MF11)), 1, 0)))) | MI11: JADER GOMEZ | MJ11: 1 | MK11: 1 | ML11: =IF(OR(MJ$3="",MK$3="",MJ11="",MK11=""), "", IF(AND(MJ$3=MJ11,MK$3=MK11), 3, IF(AND(MJ$3=MK$3,MJ11=MK11), 2, IF(OR(AND(MJ$3>MK$3,MJ11>MK11), AND(MJ$3<MK$3,MJ11<MK11)), 1, 0)))) | MN11: JADER GOMEZ | MO11: 1 | MP11: 2 | MQ11: =IF(OR(MO$3="",MP$3="",MO11="",MP11=""), "", IF(AND(MO$3=MO11,MP$3=MP11), 3, IF(AND(MO$3=MP$3,MO11=MP11), 2, IF(OR(AND(MO$3>MP$3,MO11>MP11), AND(MO$3<MP$3,MO11<MP11)), 1, 0)))) | MS11: JADER GOMEZ | MT11: 0 | MU11: 2 | MV11: =IF(OR(MT$3="",MU$3="",MT11="",MU11=""), "", IF(AND(MT$3=MT11,MU$3=MU11), 3, IF(AND(MT$3=MU$3,MT11=MU11), 2, IF(OR(AND(MT$3>MU$3,MT11>MU11), AND(MT$3<MU$3,MT11<MU11)), 1, 0)))) | MX11: JADER GOMEZ | MY11: FRANCIA | NA11: PORTUGAL | NC11: ESPAÑA | NE11: INGLATERRA | NG11: KILIAM MBAPE | NI11: =SUM(E11,J11,O11,T11,Y11,AD11,AI11,AN11,AS11,AX11,BC11,BH11,BM11,BR11,,BW11,CB11,CG11,CL11,CQ11,CV11,DA11,DF11,DK11,DP11,DU11,DZ11,EE11,EJ11,EO11,ET11,EY11,FD11,FI11,FN11,FS11,FX11,GC11,GH11,GM11,GR11,GW11,HB11,HG11,HL11,HQ11,HV11,IA11,IF11,IK11,IP11,IU11,IZ11,JE11,JJ11,JO11,JT11,JY11,KD11,KI11,KN11,KS11,KX11,LC11,LH11,LM11,LR11,LW11,MB11,MG11,ML11,MQ11,MV11,MZ11,NB11,ND11,NF11,NH11,) -> 3
A12: 9 | B12: CAMILO ZEA | C12: 2 | D12: 1 | E12: =IF(OR(C$3="",D$3="",C12="",D12=""), "", IF(AND(C$3=C12,D$3=D12), 3, IF(AND(C$3=D$3,C12=D12), 2, IF(OR(AND(C$3>D$3,C12>D12), AND(C$3<D$3,C12<D12)), 1, 0)))) -> 1 | G12: CAMILO ZEA | H12: 1 | I12: 1 | J12: =IF(OR(H$3="",I$3="",H12="",I12=""), "", IF(AND(H$3=H12,I$3=I12), 3, IF(AND(H$3=I$3,H12=I12), 2, IF(OR(AND(H$3>I$3,H12>I12), AND(H$3<I$3,H12<I12)), 1, 0)))) -> 0 | L12: CAMILO ZEA | M12: 2 | N12: 1 | O12: =IF(OR(M$3="",N$3="",M12="",N12=""), "", IF(AND(M$3=M12,N$3=N12), 3, IF(AND(M$3=N$3,M12=N12), 2, IF(OR(AND(M$3>N$3,M12>N12), AND(M$3<N$3,M12<N12)), 1, 0)))) -> 0 | Q12: CAMILO ZEA | R12: 2 | S12: 2 | T12: =IF(OR(R$3="",S$3="",R12="",S12=""), "", IF(AND(R$3=R12,S$3=S12), 3, IF(AND(R$3=S$3,R12=S12), 2, IF(OR(AND(R$3>S$3,R12>S12), AND(R$3<S$3,R12<S12)), 1, 0)))) -> 0 | V12: CAMILO ZEA | W12: 0 | X12: 2 | Y12: =IF(OR(W$3="",X$3="",W12="",X12=""), "", IF(AND(W$3=W12,X$3=X12), 3, IF(AND(W$3=X$3,W12=X12), 2, IF(OR(AND(W$3>X$3,W12>X12), AND(W$3<X$3,W12<X12)), 1, 0)))) -> 0 | AA12: CAMILO ZEA | AB12: 3 | AC12: 0 | AD12: =IF(OR(AB$3="",AC$3="",AB12="",AC12=""), "", IF(AND(AB$3=AB12,AC$3=AC12), 3, IF(AND(AB$3=AC$3,AB12=AC12), 2, IF(OR(AND(AB$3>AC$3,AB12>AC12), AND(AB$3<AC$3,AB12<AC12)), 1, 0)))) -> 0 | AF12: CAMILO ZEA | AG12: 0 | AH12: 2 | AI12: =IF(OR(AG$3="",AH$3="",AG12="",AH12=""), "", IF(AND(AG$3=AG12,AH$3=AH12), 3, IF(AND(AG$3=AH$3,AG12=AH12), 2, IF(OR(AND(AG$3>AH$3,AG12>AH12), AND(AG$3<AH$3,AG12<AH12)), 1, 0)))) | AK12: CAMILO ZEA | AL12: 2 | AM12: 1 | AN12: =IF(OR(AL$3="",AM$3="",AL12="",AM12=""), "", IF(AND(AL$3=AL12,AM$3=AM12), 3, IF(AND(AL$3=AM$3,AL12=AM12), 2, IF(OR(AND(AL$3>AM$3,AL12>AM12), AND(AL$3<AM$3,AL12<AM12)), 1, 0)))) | AP12: CAMILO ZEA | AQ12: 4 | AR12: 0 | AS12: =IF(OR(AQ$3="",AR$3="",AQ12="",AR12=""), "", IF(AND(AQ$3=AQ12,AR$3=AR12), 3, IF(AND(AQ$3=AR$3,AQ12=AR12), 2, IF(OR(AND(AQ$3>AR$3,AQ12>AR12), AND(AQ$3<AR$3,AQ12<AR12)), 1, 0)))) | AU12: CAMILO ZEA | AV12: 3 | AW12: 1 | AX12: =IF(OR(AV$3="",AW$3="",AV12="",AW12=""), "", IF(AND(AV$3=AV12,AW$3=AW12), 3, IF(AND(AV$3=AW$3,AV12=AW12), 2, IF(OR(AND(AV$3>AW$3,AV12>AW12), AND(AV$3<AW$3,AV12<AW12)), 1, 0)))) | AZ12: CAMILO ZEA | BA12: 1 | BB12: 3 | BC12: =IF(OR(BA$3="",BB$3="",BA12="",BB12=""), "", IF(AND(BA$3=BA12,BB$3=BB12), 3, IF(AND(BA$3=BB$3,BA12=BB12), 2, IF(OR(AND(BA$3>BB$3,BA12>BB12), AND(BA$3<BB$3,BA12<BB12)), 1, 0)))) | BE12: CAMILO ZEA | BF12: 2 | BG12: 1 | BH12: =IF(OR(BF$3="",BG$3="",BF12="",BG12=""), "", IF(AND(BF$3=BF12,BG$3=BG12), 3, IF(AND(BF$3=BG$3,BF12=BG12), 2, IF(OR(AND(BF$3>BG$3,BF12>BG12), AND(BF$3<BG$3,BF12<BG12)), 1, 0)))) | BJ12: CAMILO ZEA | BK12: 4 | BL12: 0 | BM12: =IF(OR(BK$3="",BL$3="",BK12="",BL12=""), "", IF(AND(BK$3=BK12,BL$3=BL12), 3, IF(AND(BK$3=BL$3,BK12=BL12), 2, IF(OR(AND(BK$3>BL$3,BK12>BL12), AND(BK$3<BL$3,BK12<BL12)), 1, 0)))) | BO12: CAMILO ZEA | BP12: 3 | BQ12: 1 | BR12: =IF(OR(BP$3="",BQ$3="",BP12="",BQ12=""), "", IF(AND(BP$3=BP12,BQ$3=BQ12), 3, IF(AND(BP$3=BQ$3,BP12=BQ12), 2, IF(OR(AND(BP$3>BQ$3,BP12>BQ12), AND(BP$3<BQ$3,BP12<BQ12)), 1, 0)))) | BT12: CAMILO ZEA | BU12: 0 | BV12: 2 | BW12: =IF(OR(BU$3="",BV$3="",BU12="",BV12=""), "", IF(AND(BU$3=BU12,BV$3=BV12), 3, IF(AND(BU$3=BV$3,BU12=BV12), 2, IF(OR(AND(BU$3>BV$3,BU12>BV12), AND(BU$3<BV$3,BU12<BV12)), 1, 0)))) | BY12: CAMILO ZEA | BZ12: 0 | CA12: 2 | CB12: =IF(OR(BZ$3="",CA$3="",BZ12="",CA12=""), "", IF(AND(BZ$3=BZ12,CA$3=CA12), 3, IF(AND(BZ$3=CA$3,BZ12=CA12), 2, IF(OR(AND(BZ$3>CA$3,BZ12>CA12), AND(BZ$3<CA$3,BZ12<CA12)), 1, 0)))) | CD12: CAMILO ZEA | CE12: 3 | CF12: 1 | CG12: =IF(OR(CE$3="",CF$3="",CE12="",CF12=""), "", IF(AND(CE$3=CE12,CF$3=CF12), 3, IF(AND(CE$3=CF$3,CE12=CF12), 2, IF(OR(AND(CE$3>CF$3,CE12>CF12), AND(CE$3<CF$3,CE12<CF12)), 1, 0)))) | CI12: CAMILO ZEA | CJ12: 0 | CK12: 2 | CL12: =IF(OR(CJ$3="",CK$3="",CJ12="",CK12=""), "", IF(AND(CJ$3=CJ12,CK$3=CK12), 3, IF(AND(CJ$3=CK$3,CJ12=CK12), 2, IF(OR(AND(CJ$3>CK$3,CJ12>CK12), AND(CJ$3<CK$3,CJ12<CK12)), 1, 0)))) | CN12: CAMILO ZEA | CO12: 3 | CP12: 0 | CQ12: =IF(OR(CO$3="",CP$3="",CO12="",CP12=""), "", IF(AND(CO$3=CO12,CP$3=CP12), 3, IF(AND(CO$3=CP$3,CO12=CP12), 2, IF(OR(AND(CO$3>CP$3,CO12>CP12), AND(CO$3<CP$3,CO12<CP12)), 1, 0)))) | CS12: CAMILO ZEA | CT12: 2 | CU12: 1 | CV12: =IF(OR(CT$3="",CU$3="",CT12="",CU12=""), "", IF(AND(CT$3=CT12,CU$3=CU12), 3, IF(AND(CT$3=CU$3,CT12=CU12), 2, IF(OR(AND(CT$3>CU$3,CT12>CU12), AND(CT$3<CU$3,CT12<CU12)), 1, 0)))) | CX12: CAMILO ZEA | CY12: 3 | CZ12: 0 | DA12: =IF(OR(CY$3="",CZ$3="",CY12="",CZ12=""), "", IF(AND(CY$3=CY12,CZ$3=CZ12), 3, IF(AND(CY$3=CZ$3,CY12=CZ12), 2, IF(OR(AND(CY$3>CZ$3,CY12>CZ12), AND(CY$3<CZ$3,CY12<CZ12)), 1, 0)))) | DC12: CAMILO ZEA | DD12: 2 | DE12: 2 | DF12: =IF(OR(DD$3="",DE$3="",DD12="",DE12=""), "", IF(AND(DD$3=DD12,DE$3=DE12), 3, IF(AND(DD$3=DE$3,DD12=DE12), 2, IF(OR(AND(DD$3>DE$3,DD12>DE12), AND(DD$3<DE$3,DD12<DE12)), 1, 0)))) | DH12: CAMILO ZEA | DI12: 0 | DJ12: 1 | DK12: =IF(OR(DI$3="",DJ$3="",DI12="",DJ12=""), "", IF(AND(DI$3=DI12,DJ$3=DJ12), 3, IF(AND(DI$3=DJ$3,DI12=DJ12), 2, IF(OR(AND(DI$3>DJ$3,DI12>DJ12), AND(DI$3<DJ$3,DI12<DJ12)), 1, 0)))) | DM12: CAMILO ZEA | DN12: 0 | DO12: 2 | DP12: =IF(OR(DN$3="",DO$3="",DN12="",DO12=""), "", IF(AND(DN$3=DN12,DO$3=DO12), 3, IF(AND(DN$3=DO$3,DN12=DO12), 2, IF(OR(AND(DN$3>DO$3,DN12>DO12), AND(DN$3<DO$3,DN12<DO12)), 1, 0)))) | DR12: CAMILO ZEA | DS12: 2 | DT12: 1 | DU12: =IF(OR(DS$3="",DT$3="",DS12="",DT12=""), "", IF(AND(DS$3=DS12,DT$3=DT12), 3, IF(AND(DS$3=DT$3,DS12=DT12), 2, IF(OR(AND(DS$3>DT$3,DS12>DT12), AND(DS$3<DT$3,DS12<DT12)), 1, 0)))) | DW12: CAMILO ZEA | DX12: 3 | DY12: 1 | DZ12: =IF(OR(DX$3="",DY$3="",DX12="",DY12=""), "", IF(AND(DX$3=DX12,DY$3=DY12), 3, IF(AND(DX$3=DY$3,DX12=DY12), 2, IF(OR(AND(DX$3>DY$3,DX12>DY12), AND(DX$3<DY$3,DX12<DY12)), 1, 0)))) | EB12: CAMILO ZEA | EC12: 3 | ED12: 0 | EE12: =IF(OR(EC$3="",ED$3="",EC12="",ED12=""), "", IF(AND(EC$3=EC12,ED$3=ED12), 3, IF(AND(EC$3=ED$3,EC12=ED12), 2, IF(OR(AND(EC$3>ED$3,EC12>ED12), AND(EC$3<ED$3,EC12<ED12)), 1, 0)))) | EG12: CAMILO ZEA | EH12: 3 | EI12: 2 | EJ12: =IF(OR(EH$3="",EI$3="",EH12="",EI12=""), "", IF(AND(EH$3=EH12,EI$3=EI12), 3, IF(AND(EH$3=EI$3,EH12=EI12), 2, IF(OR(AND(EH$3>EI$3,EH12>EI12), AND(EH$3<EI$3,EH12<EI12)), 1, 0)))) | EL12: CAMILO ZEA | EM12: 3 | EN12: 1 | EO12: =IF(OR(EM$3="",EN$3="",EM12="",EN12=""), "", IF(AND(EM$3=EM12,EN$3=EN12), 3, IF(AND(EM$3=EN$3,EM12=EN12), 2, IF(OR(AND(EM$3>EN$3,EM12>EN12), AND(EM$3<EN$3,EM12<EN12)), 1, 0)))) | EQ12: CAMILO ZEA | ER12: 1 | ES12: 1 | ET12: =IF(OR(ER$3="",ES$3="",ER12="",ES12=""), "", IF(AND(ER$3=ER12,ES$3=ES12), 3, IF(AND(ER$3=ES$3,ER12=ES12), 2, IF(OR(AND(ER$3>ES$3,ER12>ES12), AND(ER$3<ES$3,ER12<ES12)), 1, 0)))) | EV12: CAMILO ZEA | EW12: 3 | EX12: 0 | EY12: =IF(OR(EW$3="",EX$3="",EW12="",EX12=""), "", IF(AND(EW$3=EW12,EX$3=EX12), 3, IF(AND(EW$3=EX$3,EW12=EX12), 2, IF(OR(AND(EW$3>EX$3,EW12>EX12), AND(EW$3<EX$3,EW12<EX12)), 1, 0)))) | FA12: CAMILO ZEA | FB12: 1 | FC12: 2 | FD12: =IF(OR(FB$3="",FC$3="",FB12="",FC12=""), "", IF(AND(FB$3=FB12,FC$3=FC12), 3, IF(AND(FB$3=FC$3,FB12=FC12), 2, IF(OR(AND(FB$3>FC$3,FB12>FC12), AND(FB$3<FC$3,FB12<FC12)), 1, 0)))) | FF12: CAMILO ZEA | FG12: 3 | FH12: 2 | FI12: =IF(OR(FG$3="",FH$3="",FG12="",FH12=""), "", IF(AND(FG$3=FG12,FH$3=FH12), 3, IF(AND(FG$3=FH$3,FG12=FH12), 2, IF(OR(AND(FG$3>FH$3,FG12>FH12), AND(FG$3<FH$3,FG12<FH12)), 1, 0)))) | FK12: CAMILO ZEA | FL12: 3 | FM12: 0 | FN12: =IF(OR(FL$3="",FM$3="",FL12="",FM12=""), "", IF(AND(FL$3=FL12,FM$3=FM12), 3, IF(AND(FL$3=FM$3,FL12=FM12), 2, IF(OR(AND(FL$3>FM$3,FL12>FM12), AND(FL$3<FM$3,FL12<FM12)), 1, 0)))) | FP12: CAMILO ZEA | FQ12: 3 | FR12: 0 | FS12: =IF(OR(FQ$3="",FR$3="",FQ12="",FR12=""), "", IF(AND(FQ$3=FQ12,FR$3=FR12), 3, IF(AND(FQ$3=FR$3,FQ12=FR12), 2, IF(OR(AND(FQ$3>FR$3,FQ12>FR12), AND(FQ$3<FR$3,FQ12<FR12)), 1, 0)))) | FU12: CAMILO ZEA | FV12: 0 | FW12: 2 | FX12: =IF(OR(FV$3="",FW$3="",FV12="",FW12=""), "", IF(AND(FV$3=FV12,FW$3=FW12), 3, IF(AND(FV$3=FW$3,FV12=FW12), 2, IF(OR(AND(FV$3>FW$3,FV12>FW12), AND(FV$3<FW$3,FV12<FW12)), 1, 0)))) | FZ12: CAMILO ZEA | GA12: 3 | GB12: 0 | GC12: =IF(OR(GA$3="",GB$3="",GA12="",GB12=""), "", IF(AND(GA$3=GA12,GB$3=GB12), 3, IF(AND(GA$3=GB$3,GA12=GB12), 2, IF(OR(AND(GA$3>GB$3,GA12>GB12), AND(GA$3<GB$3,GA12<GB12)), 1, 0)))) | GE12: CAMILO ZEA | GF12: 3 | GG12: 0 | GH12: =IF(OR(GF$3="",GG$3="",GF12="",GG12=""), "", IF(AND(GF$3=GF12,GG$3=GG12), 3, IF(AND(GF$3=GG$3,GF12=GG12), 2, IF(OR(AND(GF$3>GG$3,GF12>GG12), AND(GF$3<GG$3,GF12<GG12)), 1, 0)))) | GJ12: CAMILO ZEA | GK12: 2 | GL12: 0 | GM12: =IF(OR(GK$3="",GL$3="",GK12="",GL12=""), "", IF(AND(GK$3=GK12,GL$3=GL12), 3, IF(AND(GK$3=GL$3,GK12=GL12), 2, IF(OR(AND(GK$3>GL$3,GK12>GL12), AND(GK$3<GL$3,GK12<GL12)), 1, 0)))) | GO12: CAMILO ZEA | GP12: 1 | GQ12: 1 | GR12: =IF(OR(GP$3="",GQ$3="",GP12="",GQ12=""), "", IF(AND(GP$3=GP12,GQ$3=GQ12), 3, IF(AND(GP$3=GQ$3,GP12=GQ12), 2, IF(OR(AND(GP$3>GQ$3,GP12>GQ12), AND(GP$3<GQ$3,GP12<GQ12)), 1, 0)))) | GT12: CAMILO ZEA | GU12: 3 | GV12: 1 | GW12: =IF(OR(GU$3="",GV$3="",GU12="",GV12=""), "", IF(AND(GU$3=GU12,GV$3=GV12), 3, IF(AND(GU$3=GV$3,GU12=GV12), 2, IF(OR(AND(GU$3>GV$3,GU12>GV12), AND(GU$3<GV$3,GU12<GV12)), 1, 0)))) | GY12: CAMILO ZEA | GZ12: 3 | HA12: 0 | HB12: =IF(OR(GZ$3="",HA$3="",GZ12="",HA12=""), "", IF(AND(GZ$3=GZ12,HA$3=HA12), 3, IF(AND(GZ$3=HA$3,GZ12=HA12), 2, IF(OR(AND(GZ$3>HA$3,GZ12>HA12), AND(GZ$3<HA$3,GZ12<HA12)), 1, 0)))) | HD12: CAMILO ZEA | HE12: 2 | HF12: 2 | HG12: =IF(OR(HE$3="",HF$3="",HE12="",HF12=""), "", IF(AND(HE$3=HE12,HF$3=HF12), 3, IF(AND(HE$3=HF$3,HE12=HF12), 2, IF(OR(AND(HE$3>HF$3,HE12>HF12), AND(HE$3<HF$3,HE12<HF12)), 1, 0)))) | HI12: CAMILO ZEA | HJ12: 1 | HK12: 1 | HL12: =IF(OR(HJ$3="",HK$3="",HJ12="",HK12=""), "", IF(AND(HJ$3=HJ12,HK$3=HK12), 3, IF(AND(HJ$3=HK$3,HJ12=HK12), 2, IF(OR(AND(HJ$3>HK$3,HJ12>HK12), AND(HJ$3<HK$3,HJ12<HK12)), 1, 0)))) | HN12: CAMILO ZEA | HO12: 2 | HP12: 0 | HQ12: =IF(OR(HO$3="",HP$3="",HO12="",HP12=""), "", IF(AND(HO$3=HO12,HP$3=HP12), 3, IF(AND(HO$3=HP$3,HO12=HP12), 2, IF(OR(AND(HO$3>HP$3,HO12>HP12), AND(HO$3<HP$3,HO12<HP12)), 1, 0)))) | HS12: CAMILO ZEA | HT12: 3 | HU12: 0 | HV12: =IF(OR(HT$3="",HU$3="",HT12="",HU12=""), "", IF(AND(HT$3=HT12,HU$3=HU12), 3, IF(AND(HT$3=HU$3,HT12=HU12), 2, IF(OR(AND(HT$3>HU$3,HT12>HU12), AND(HT$3<HU$3,HT12<HU12)), 1, 0)))) | HX12: CAMILO ZEA | HY12: 0 | HZ12: 2 | IA12: =IF(OR(HY$3="",HZ$3="",HY12="",HZ12=""), "", IF(AND(HY$3=HY12,HZ$3=HZ12), 3, IF(AND(HY$3=HZ$3,HY12=HZ12), 2, IF(OR(AND(HY$3>HZ$3,HY12>HZ12), AND(HY$3<HZ$3,HY12<HZ12)), 1, 0)))) | IC12: CAMILO ZEA | ID12: 3 | IE12: 0 | IF12: =IF(OR(ID$3="",IE$3="",ID12="",IE12=""), "", IF(AND(ID$3=ID12,IE$3=IE12), 3, IF(AND(ID$3=IE$3,ID12=IE12), 2, IF(OR(AND(ID$3>IE$3,ID12>IE12), AND(ID$3<IE$3,ID12<IE12)), 1, 0)))) | IH12: CAMILO ZEA | II12: 2 | IJ12: 2 | IK12: =IF(OR(II$3="",IJ$3="",II12="",IJ12=""), "", IF(AND(II$3=II12,IJ$3=IJ12), 3, IF(AND(II$3=IJ$3,II12=IJ12), 2, IF(OR(AND(II$3>IJ$3,II12>IJ12), AND(II$3<IJ$3,II12<IJ12)), 1, 0)))) | IM12: CAMILO ZEA | IN12: 1 | IO12: 1 | IP12: =IF(OR(IN$3="",IO$3="",IN12="",IO12=""), "", IF(AND(IN$3=IN12,IO$3=IO12), 3, IF(AND(IN$3=IO$3,IN12=IO12), 2, IF(OR(AND(IN$3>IO$3,IN12>IO12), AND(IN$3<IO$3,IN12<IO12)), 1, 0)))) | IR12: CAMILO ZEA | IS12: 2 | IT12: 1 | IU12: =IF(OR(IS$3="",IT$3="",IS12="",IT12=""), "", IF(AND(IS$3=IS12,IT$3=IT12), 3, IF(AND(IS$3=IT$3,IS12=IT12), 2, IF(OR(AND(IS$3>IT$3,IS12>IT12), AND(IS$3<IT$3,IS12<IT12)), 1, 0)))) | IW12: CAMILO ZEA | IX12: 1 | IY12: 3 | IZ12: =IF(OR(IX$3="",IY$3="",IX12="",IY12=""), "", IF(AND(IX$3=IX12,IY$3=IY12), 3, IF(AND(IX$3=IY$3,IX12=IY12), 2, IF(OR(AND(IX$3>IY$3,IX12>IY12), AND(IX$3<IY$3,IX12<IY12)), 1, 0)))) | JB12: CAMILO ZEA | JC12: 2 | JD12: 2 | JE12: =IF(OR(JC$3="",JD$3="",JC12="",JD12=""), "", IF(AND(JC$3=JC12,JD$3=JD12), 3, IF(AND(JC$3=JD$3,JC12=JD12), 2, IF(OR(AND(JC$3>JD$3,JC12>JD12), AND(JC$3<JD$3,JC12<JD12)), 1, 0)))) | JG12: CAMILO ZEA | JH12: 0 | JI12: 2 | JJ12: =IF(OR(JH$3="",JI$3="",JH12="",JI12=""), "", IF(AND(JH$3=JH12,JI$3=JI12), 3, IF(AND(JH$3=JI$3,JH12=JI12), 2, IF(OR(AND(JH$3>JI$3,JH12>JI12), AND(JH$3<JI$3,JH12<JI12)), 1, 0)))) | JL12: CAMILO ZEA | JM12: 1 | JN12: 1 | JO12: =IF(OR(JM$3="",JN$3="",JM12="",JN12=""), "", IF(AND(JM$3=JM12,JN$3=JN12), 3, IF(AND(JM$3=JN$3,JM12=JN12), 2, IF(OR(AND(JM$3>JN$3,JM12>JN12), AND(JM$3<JN$3,JM12<JN12)), 1, 0)))) | JQ12: CAMILO ZEA | JR12: 1 | JS12: 3 | JT12: =IF(OR(JR$3="",JS$3="",JR12="",JS12=""), "", IF(AND(JR$3=JR12,JS$3=JS12), 3, IF(AND(JR$3=JS$3,JR12=JS12), 2, IF(OR(AND(JR$3>JS$3,JR12>JS12), AND(JR$3<JS$3,JR12<JS12)), 1, 0)))) | JV12: CAMILO ZEA | JW12: 0 | JX12: 3 | JY12: =IF(OR(JW$3="",JX$3="",JW12="",JX12=""), "", IF(AND(JW$3=JW12,JX$3=JX12), 3, IF(AND(JW$3=JX$3,JW12=JX12), 2, IF(OR(AND(JW$3>JX$3,JW12>JX12), AND(JW$3<JX$3,JW12<JX12)), 1, 0)))) | KA12: CAMILO ZEA | KB12: 2 | KC12: 2 | KD12: =IF(OR(KB$3="",KC$3="",KB12="",KC12=""), "", IF(AND(KB$3=KB12,KC$3=KC12), 3, IF(AND(KB$3=KC$3,KB12=KC12), 2, IF(OR(AND(KB$3>KC$3,KB12>KC12), AND(KB$3<KC$3,KB12<KC12)), 1, 0)))) | KF12: CAMILO ZEA | KG12: 2 | KH12: 2 | KI12: =IF(OR(KG$3="",KH$3="",KG12="",KH12=""), "", IF(AND(KG$3=KG12,KH$3=KH12), 3, IF(AND(KG$3=KH$3,KG12=KH12), 2, IF(OR(AND(KG$3>KH$3,KG12>KH12), AND(KG$3<KH$3,KG12<KH12)), 1, 0)))) | KK12: CAMILO ZEA | KL12: 3 | KM12: 2 | KN12: =IF(OR(KL$3="",KM$3="",KL12="",KM12=""), "", IF(AND(KL$3=KL12,KM$3=KM12), 3, IF(AND(KL$3=KM$3,KL12=KM12), 2, IF(OR(AND(KL$3>KM$3,KL12>KM12), AND(KL$3<KM$3,KL12<KM12)), 1, 0)))) | KP12: CAMILO ZEA | KQ12: 1 | KR12: 3 | KS12: =IF(OR(KQ$3="",KR$3="",KQ12="",KR12=""), "", IF(AND(KQ$3=KQ12,KR$3=KR12), 3, IF(AND(KQ$3=KR$3,KQ12=KR12), 2, IF(OR(AND(KQ$3>KR$3,KQ12>KR12), AND(KQ$3<KR$3,KQ12<KR12)), 1, 0)))) | KU12: CAMILO ZEA | KV12: 2 | KW12: 0 | KX12: =IF(OR(KV$3="",KW$3="",KV12="",KW12=""), "", IF(AND(KV$3=KV12,KW$3=KW12), 3, IF(AND(KV$3=KW$3,KV12=KW12), 2, IF(OR(AND(KV$3>KW$3,KV12>KW12), AND(KV$3<KW$3,KV12<KW12)), 1, 0)))) | KZ12: CAMILO ZEA | LA12: 1 | LB12: 1 | LC12: =IF(OR(LA$3="",LB$3="",LA12="",LB12=""), "", IF(AND(LA$3=LA12,LB$3=LB12), 3, IF(AND(LA$3=LB$3,LA12=LB12), 2, IF(OR(AND(LA$3>LB$3,LA12>LB12), AND(LA$3<LB$3,LA12<LB12)), 1, 0)))) | LE12: CAMILO ZEA | LF12: 2 | LG12: 3 | LH12: =IF(OR(LF$3="",LG$3="",LF12="",LG12=""), "", IF(AND(LF$3=LF12,LG$3=LG12), 3, IF(AND(LF$3=LG$3,LF12=LG12), 2, IF(OR(AND(LF$3>LG$3,LF12>LG12), AND(LF$3<LG$3,LF12<LG12)), 1, 0)))) | LJ12: CAMILO ZEA | LK12: 0 | LL12: 2 | LM12: =IF(OR(LK$3="",LL$3="",LK12="",LL12=""), "", IF(AND(LK$3=LK12,LL$3=LL12), 3, IF(AND(LK$3=LL$3,LK12=LL12), 2, IF(OR(AND(LK$3>LL$3,LK12>LL12), AND(LK$3<LL$3,LK12<LL12)), 1, 0)))) | LO12: CAMILO ZEA | LP12: 2 | LQ12: 1 | LR12: =IF(OR(LP$3="",LQ$3="",LP12="",LQ12=""), "", IF(AND(LP$3=LP12,LQ$3=LQ12), 3, IF(AND(LP$3=LQ$3,LP12=LQ12), 2, IF(OR(AND(LP$3>LQ$3,LP12>LQ12), AND(LP$3<LQ$3,LP12<LQ12)), 1, 0)))) | LT12: CAMILO ZEA | LU12: 1 | LV12: 3 | LW12: =IF(OR(LU$3="",LV$3="",LU12="",LV12=""), "", IF(AND(LU$3=LU12,LV$3=LV12), 3, IF(AND(LU$3=LV$3,LU12=LV12), 2, IF(OR(AND(LU$3>LV$3,LU12>LV12), AND(LU$3<LV$3,LU12<LV12)), 1, 0)))) | LY12: CAMILO ZEA | LZ12: 2 | MA12: 0 | MB12: =IF(OR(LZ$3="",MA$3="",LZ12="",MA12=""), "", IF(AND(LZ$3=LZ12,MA$3=MA12), 3, IF(AND(LZ$3=MA$3,LZ12=MA12), 2, IF(OR(AND(LZ$3>MA$3,LZ12>MA12), AND(LZ$3<MA$3,LZ12<MA12)), 1, 0)))) | MD12: CAMILO ZEA | ME12: 2 | MF12: 2 | MG12: =IF(OR(ME$3="",MF$3="",ME12="",MF12=""), "", IF(AND(ME$3=ME12,MF$3=MF12), 3, IF(AND(ME$3=MF$3,ME12=MF12), 2, IF(OR(AND(ME$3>MF$3,ME12>MF12), AND(ME$3<MF$3,ME12<MF12)), 1, 0)))) | MI12: CAMILO ZEA | MJ12: 1 | MK12: 1 | ML12: =IF(OR(MJ$3="",MK$3="",MJ12="",MK12=""), "", IF(AND(MJ$3=MJ12,MK$3=MK12), 3, IF(AND(MJ$3=MK$3,MJ12=MK12), 2, IF(OR(AND(MJ$3>MK$3,MJ12>MK12), AND(MJ$3<MK$3,MJ12<MK12)), 1, 0)))) | MN12: CAMILO ZEA | MO12: 1 | MP12: 2 | MQ12: =IF(OR(MO$3="",MP$3="",MO12="",MP12=""), "", IF(AND(MO$3=MO12,MP$3=MP12), 3, IF(AND(MO$3=MP$3,MO12=MP12), 2, IF(OR(AND(MO$3>MP$3,MO12>MP12), AND(MO$3<MP$3,MO12<MP12)), 1, 0)))) | MS12: CAMILO ZEA | MT12: 0 | MU12: 3 | MV12: =IF(OR(MT$3="",MU$3="",MT12="",MU12=""), "", IF(AND(MT$3=MT12,MU$3=MU12), 3, IF(AND(MT$3=MU$3,MT12=MU12), 2, IF(OR(AND(MT$3>MU$3,MT12>MU12), AND(MT$3<MU$3,MT12<MU12)), 1, 0)))) | MX12: CAMILO ZEA | MY12: FRANCIA | NA12: PORTUGAL | NC12: BRASIL | NE12: COLOMBIA | NG12: CRISTIANO RONALDO | NI12: =SUM(E12,J12,O12,T12,Y12,AD12,AI12,AN12,AS12,AX12,BC12,BH12,BM12,BR12,,BW12,CB12,CG12,CL12,CQ12,CV12,DA12,DF12,DK12,DP12,DU12,DZ12,EE12,EJ12,EO12,ET12,EY12,FD12,FI12,FN12,FS12,FX12,GC12,GH12,GM12,GR12,GW12,HB12,HG12,HL12,HQ12,HV12,IA12,IF12,IK12,IP12,IU12,IZ12,JE12,JJ12,JO12,JT12,JY12,KD12,KI12,KN12,KS12,KX12,LC12,LH12,LM12,LR12,LW12,MB12,MG12,ML12,MQ12,MV12,MZ12,NB12,ND12,NF12,NH12,) -> 1
A13: 10 | B13: YUAN BARBERO | C13: 2 | D13: 0 | E13: =IF(OR(C$3="",D$3="",C13="",D13=""), "", IF(AND(C$3=C13,D$3=D13), 3, IF(AND(C$3=D$3,C13=D13), 2, IF(OR(AND(C$3>D$3,C13>D13), AND(C$3<D$3,C13<D13)), 1, 0)))) -> 3 | G13: YUAN BARBERO | H13: 2 | I13: 1 | J13: =IF(OR(H$3="",I$3="",H13="",I13=""), "", IF(AND(H$3=H13,I$3=I13), 3, IF(AND(H$3=I$3,H13=I13), 2, IF(OR(AND(H$3>I$3,H13>I13), AND(H$3<I$3,H13<I13)), 1, 0)))) -> 3 | L13: YUAN BARBERO | M13: 2 | N13: 0 | O13: =IF(OR(M$3="",N$3="",M13="",N13=""), "", IF(AND(M$3=M13,N$3=N13), 3, IF(AND(M$3=N$3,M13=N13), 2, IF(OR(AND(M$3>N$3,M13>N13), AND(M$3<N$3,M13<N13)), 1, 0)))) -> 0 | Q13: YUAN BARBERO | R13: 2 | S13: 1 | T13: =IF(OR(R$3="",S$3="",R13="",S13=""), "", IF(AND(R$3=R13,S$3=S13), 3, IF(AND(R$3=S$3,R13=S13), 2, IF(OR(AND(R$3>S$3,R13>S13), AND(R$3<S$3,R13<S13)), 1, 0)))) -> 1 | V13: YUAN BARBERO | W13: 1 | X13: 1 | Y13: =IF(OR(W$3="",X$3="",W13="",X13=""), "", IF(AND(W$3=W13,X$3=X13), 3, IF(AND(W$3=X$3,W13=X13), 2, IF(OR(AND(W$3>X$3,W13>X13), AND(W$3<X$3,W13<X13)), 1, 0)))) -> 3 | AA13: YUAN BARBERO | AB13: 3 | AC13: 0 | AD13: =IF(OR(AB$3="",AC$3="",AB13="",AC13=""), "", IF(AND(AB$3=AB13,AC$3=AC13), 3, IF(AND(AB$3=AC$3,AB13=AC13), 2, IF(OR(AND(AB$3>AC$3,AB13>AC13), AND(AB$3<AC$3,AB13<AC13)), 1, 0)))) -> 0 | AF13: YUAN BARBERO | AG13: 0 | AH13: 2 | AI13: =IF(OR(AG$3="",AH$3="",AG13="",AH13=""), "", IF(AND(AG$3=AG13,AH$3=AH13), 3, IF(AND(AG$3=AH$3,AG13=AH13), 2, IF(OR(AND(AG$3>AH$3,AG13>AH13), AND(AG$3<AH$3,AG13<AH13)), 1, 0)))) | AK13: YUAN BARBERO | AL13: 1 | AM13: 2 | AN13: =IF(OR(AL$3="",AM$3="",AL13="",AM13=""), "", IF(AND(AL$3=AL13,AM$3=AM13), 3, IF(AND(AL$3=AM$3,AL13=AM13), 2, IF(OR(AND(AL$3>AM$3,AL13>AM13), AND(AL$3<AM$3,AL13<AM13)), 1, 0)))) | AP13: YUAN BARBERO | AQ13: 3 | AR13: 1 | AS13: =IF(OR(AQ$3="",AR$3="",AQ13="",AR13=""), "", IF(AND(AQ$3=AQ13,AR$3=AR13), 3, IF(AND(AQ$3=AR$3,AQ13=AR13), 2, IF(OR(AND(AQ$3>AR$3,AQ13>AR13), AND(AQ$3<AR$3,AQ13<AR13)), 1, 0)))) | AU13: YUAN BARBERO | AV13: 2 | AW13: 1 | AX13: =IF(OR(AV$3="",AW$3="",AV13="",AW13=""), "", IF(AND(AV$3=AV13,AW$3=AW13), 3, IF(AND(AV$3=AW$3,AV13=AW13), 2, IF(OR(AND(AV$3>AW$3,AV13>AW13), AND(AV$3<AW$3,AV13<AW13)), 1, 0)))) | AZ13: YUAN BARBERO | BA13: 1 | BB13: 1 | BC13: =IF(OR(BA$3="",BB$3="",BA13="",BB13=""), "", IF(AND(BA$3=BA13,BB$3=BB13), 3, IF(AND(BA$3=BB$3,BA13=BB13), 2, IF(OR(AND(BA$3>BB$3,BA13>BB13), AND(BA$3<BB$3,BA13<BB13)), 1, 0)))) | BE13: YUAN BARBERO | BF13: 2 | BG13: 0 | BH13: =IF(OR(BF$3="",BG$3="",BF13="",BG13=""), "", IF(AND(BF$3=BF13,BG$3=BG13), 3, IF(AND(BF$3=BG$3,BF13=BG13), 2, IF(OR(AND(BF$3>BG$3,BF13>BG13), AND(BF$3<BG$3,BF13<BG13)), 1, 0)))) | BJ13: YUAN BARBERO | BK13: 3 | BL13: 0 | BM13: =IF(OR(BK$3="",BL$3="",BK13="",BL13=""), "", IF(AND(BK$3=BK13,BL$3=BL13), 3, IF(AND(BK$3=BL$3,BK13=BL13), 2, IF(OR(AND(BK$3>BL$3,BK13>BL13), AND(BK$3<BL$3,BK13<BL13)), 1, 0)))) | BO13: YUAN BARBERO | BP13: 2 | BQ13: 1 | BR13: =IF(OR(BP$3="",BQ$3="",BP13="",BQ13=""), "", IF(AND(BP$3=BP13,BQ$3=BQ13), 3, IF(AND(BP$3=BQ$3,BP13=BQ13), 2, IF(OR(AND(BP$3>BQ$3,BP13>BQ13), AND(BP$3<BQ$3,BP13<BQ13)), 1, 0)))) | BT13: YUAN BARBERO | BU13: 0 | BV13: 2 | BW13: =IF(OR(BU$3="",BV$3="",BU13="",BV13=""), "", IF(AND(BU$3=BU13,BV$3=BV13), 3, IF(AND(BU$3=BV$3,BU13=BV13), 2, IF(OR(AND(BU$3>BV$3,BU13>BV13), AND(BU$3<BV$3,BU13<BV13)), 1, 0)))) | BY13: YUAN BARBERO | BZ13: 1 | CA13: 1 | CB13: =IF(OR(BZ$3="",CA$3="",BZ13="",CA13=""), "", IF(AND(BZ$3=BZ13,CA$3=CA13), 3, IF(AND(BZ$3=CA$3,BZ13=CA13), 2, IF(OR(AND(BZ$3>CA$3,BZ13>CA13), AND(BZ$3<CA$3,BZ13<CA13)), 1, 0)))) | CD13: YUAN BARBERO | CE13: 3 | CF13: 0 | CG13: =IF(OR(CE$3="",CF$3="",CE13="",CF13=""), "", IF(AND(CE$3=CE13,CF$3=CF13), 3, IF(AND(CE$3=CF$3,CE13=CF13), 2, IF(OR(AND(CE$3>CF$3,CE13>CF13), AND(CE$3<CF$3,CE13<CF13)), 1, 0)))) | CI13: YUAN BARBERO | CJ13: 0 | CK13: 2 | CL13: =IF(OR(CJ$3="",CK$3="",CJ13="",CK13=""), "", IF(AND(CJ$3=CJ13,CK$3=CK13), 3, IF(AND(CJ$3=CK$3,CJ13=CK13), 2, IF(OR(AND(CJ$3>CK$3,CJ13>CK13), AND(CJ$3<CK$3,CJ13<CK13)), 1, 0)))) | CN13: YUAN BARBERO | CO13: 2 | CP13: 0 | CQ13: =IF(OR(CO$3="",CP$3="",CO13="",CP13=""), "", IF(AND(CO$3=CO13,CP$3=CP13), 3, IF(AND(CO$3=CP$3,CO13=CP13), 2, IF(OR(AND(CO$3>CP$3,CO13>CP13), AND(CO$3<CP$3,CO13<CP13)), 1, 0)))) | CS13: YUAN BARBERO | CT13: 1 | CU13: 0 | CV13: =IF(OR(CT$3="",CU$3="",CT13="",CU13=""), "", IF(AND(CT$3=CT13,CU$3=CU13), 3, IF(AND(CT$3=CU$3,CT13=CU13), 2, IF(OR(AND(CT$3>CU$3,CT13>CU13), AND(CT$3<CU$3,CT13<CU13)), 1, 0)))) | CX13: YUAN BARBERO | CY13: 2 | CZ13: 0 | DA13: =IF(OR(CY$3="",CZ$3="",CY13="",CZ13=""), "", IF(AND(CY$3=CY13,CZ$3=CZ13), 3, IF(AND(CY$3=CZ$3,CY13=CZ13), 2, IF(OR(AND(CY$3>CZ$3,CY13>CZ13), AND(CY$3<CZ$3,CY13<CZ13)), 1, 0)))) | DC13: YUAN BARBERO | DD13: 2 | DE13: 1 | DF13: =IF(OR(DD$3="",DE$3="",DD13="",DE13=""), "", IF(AND(DD$3=DD13,DE$3=DE13), 3, IF(AND(DD$3=DE$3,DD13=DE13), 2, IF(OR(AND(DD$3>DE$3,DD13>DE13), AND(DD$3<DE$3,DD13<DE13)), 1, 0)))) | DH13: YUAN BARBERO | DI13: 1 | DJ13: 1 | DK13: =IF(OR(DI$3="",DJ$3="",DI13="",DJ13=""), "", IF(AND(DI$3=DI13,DJ$3=DJ13), 3, IF(AND(DI$3=DJ$3,DI13=DJ13), 2, IF(OR(AND(DI$3>DJ$3,DI13>DJ13), AND(DI$3<DJ$3,DI13<DJ13)), 1, 0)))) | DM13: YUAN BARBERO | DN13: 1 | DO13: 2 | DP13: =IF(OR(DN$3="",DO$3="",DN13="",DO13=""), "", IF(AND(DN$3=DN13,DO$3=DO13), 3, IF(AND(DN$3=DO$3,DN13=DO13), 2, IF(OR(AND(DN$3>DO$3,DN13>DO13), AND(DN$3<DO$3,DN13<DO13)), 1, 0)))) | DR13: YUAN BARBERO | DS13: 1 | DT13: 1 | DU13: =IF(OR(DS$3="",DT$3="",DS13="",DT13=""), "", IF(AND(DS$3=DS13,DT$3=DT13), 3, IF(AND(DS$3=DT$3,DS13=DT13), 2, IF(OR(AND(DS$3>DT$3,DS13>DT13), AND(DS$3<DT$3,DS13<DT13)), 1, 0)))) | DW13: YUAN BARBERO | DX13: 3 | DY13: 0 | DZ13: =IF(OR(DX$3="",DY$3="",DX13="",DY13=""), "", IF(AND(DX$3=DX13,DY$3=DY13), 3, IF(AND(DX$3=DY$3,DX13=DY13), 2, IF(OR(AND(DX$3>DY$3,DX13>DY13), AND(DX$3<DY$3,DX13<DY13)), 1, 0)))) | EB13: YUAN BARBERO | EC13: 1 | ED13: 1 | EE13: =IF(OR(EC$3="",ED$3="",EC13="",ED13=""), "", IF(AND(EC$3=EC13,ED$3=ED13), 3, IF(AND(EC$3=ED$3,EC13=ED13), 2, IF(OR(AND(EC$3>ED$3,EC13>ED13), AND(EC$3<ED$3,EC13<ED13)), 1, 0)))) | EG13: YUAN BARBERO | EH13: 1 | EI13: 0 | EJ13: =IF(OR(EH$3="",EI$3="",EH13="",EI13=""), "", IF(AND(EH$3=EH13,EI$3=EI13), 3, IF(AND(EH$3=EI$3,EH13=EI13), 2, IF(OR(AND(EH$3>EI$3,EH13>EI13), AND(EH$3<EI$3,EH13<EI13)), 1, 0)))) | EL13: YUAN BARBERO | EM13: 2 | EN13: 2 | EO13: =IF(OR(EM$3="",EN$3="",EM13="",EN13=""), "", IF(AND(EM$3=EM13,EN$3=EN13), 3, IF(AND(EM$3=EN$3,EM13=EN13), 2, IF(OR(AND(EM$3>EN$3,EM13>EN13), AND(EM$3<EN$3,EM13<EN13)), 1, 0)))) | EQ13: YUAN BARBERO | ER13: 0 | ES13: 2 | ET13: =IF(OR(ER$3="",ES$3="",ER13="",ES13=""), "", IF(AND(ER$3=ER13,ES$3=ES13), 3, IF(AND(ER$3=ES$3,ER13=ES13), 2, IF(OR(AND(ER$3>ES$3,ER13>ES13), AND(ER$3<ES$3,ER13<ES13)), 1, 0)))) | EV13: YUAN BARBERO | EW13: 4 | EX13: 1 | EY13: =IF(OR(EW$3="",EX$3="",EW13="",EX13=""), "", IF(AND(EW$3=EW13,EX$3=EX13), 3, IF(AND(EW$3=EX$3,EW13=EX13), 2, IF(OR(AND(EW$3>EX$3,EW13>EX13), AND(EW$3<EX$3,EW13<EX13)), 1, 0)))) | FA13: YUAN BARBERO | FB13: 1 | FC13: 1 | FD13: =IF(OR(FB$3="",FC$3="",FB13="",FC13=""), "", IF(AND(FB$3=FB13,FC$3=FC13), 3, IF(AND(FB$3=FC$3,FB13=FC13), 2, IF(OR(AND(FB$3>FC$3,FB13>FC13), AND(FB$3<FC$3,FB13<FC13)), 1, 0)))) | FF13: YUAN BARBERO | FG13: 2 | FH13: 0 | FI13: =IF(OR(FG$3="",FH$3="",FG13="",FH13=""), "", IF(AND(FG$3=FG13,FH$3=FH13), 3, IF(AND(FG$3=FH$3,FG13=FH13), 2, IF(OR(AND(FG$3>FH$3,FG13>FH13), AND(FG$3<FH$3,FG13<FH13)), 1, 0)))) | FK13: YUAN BARBERO | FL13: 2 | FM13: 1 | FN13: =IF(OR(FL$3="",FM$3="",FL13="",FM13=""), "", IF(AND(FL$3=FL13,FM$3=FM13), 3, IF(AND(FL$3=FM$3,FL13=FM13), 2, IF(OR(AND(FL$3>FM$3,FL13>FM13), AND(FL$3<FM$3,FL13<FM13)), 1, 0)))) | FP13: YUAN BARBERO | FQ13: 2 | FR13: 1 | FS13: =IF(OR(FQ$3="",FR$3="",FQ13="",FR13=""), "", IF(AND(FQ$3=FQ13,FR$3=FR13), 3, IF(AND(FQ$3=FR$3,FQ13=FR13), 2, IF(OR(AND(FQ$3>FR$3,FQ13>FR13), AND(FQ$3<FR$3,FQ13<FR13)), 1, 0)))) | FU13: YUAN BARBERO | FV13: 0 | FW13: 2 | FX13: =IF(OR(FV$3="",FW$3="",FV13="",FW13=""), "", IF(AND(FV$3=FV13,FW$3=FW13), 3, IF(AND(FV$3=FW$3,FV13=FW13), 2, IF(OR(AND(FV$3>FW$3,FV13>FW13), AND(FV$3<FW$3,FV13<FW13)), 1, 0)))) | FZ13: YUAN BARBERO | GA13: 3 | GB13: 0 | GC13: =IF(OR(GA$3="",GB$3="",GA13="",GB13=""), "", IF(AND(GA$3=GA13,GB$3=GB13), 3, IF(AND(GA$3=GB$3,GA13=GB13), 2, IF(OR(AND(GA$3>GB$3,GA13>GB13), AND(GA$3<GB$3,GA13<GB13)), 1, 0)))) | GE13: YUAN BARBERO | GF13: 2 | GG13: 0 | GH13: =IF(OR(GF$3="",GG$3="",GF13="",GG13=""), "", IF(AND(GF$3=GF13,GG$3=GG13), 3, IF(AND(GF$3=GG$3,GF13=GG13), 2, IF(OR(AND(GF$3>GG$3,GF13>GG13), AND(GF$3<GG$3,GF13<GG13)), 1, 0)))) | GJ13: YUAN BARBERO | GK13: 2 | GL13: 0 | GM13: =IF(OR(GK$3="",GL$3="",GK13="",GL13=""), "", IF(AND(GK$3=GK13,GL$3=GL13), 3, IF(AND(GK$3=GL$3,GK13=GL13), 2, IF(OR(AND(GK$3>GL$3,GK13>GL13), AND(GK$3<GL$3,GK13<GL13)), 1, 0)))) | GO13: YUAN BARBERO | GP13: 1 | GQ13: 2 | GR13: =IF(OR(GP$3="",GQ$3="",GP13="",GQ13=""), "", IF(AND(GP$3=GP13,GQ$3=GQ13), 3, IF(AND(GP$3=GQ$3,GP13=GQ13), 2, IF(OR(AND(GP$3>GQ$3,GP13>GQ13), AND(GP$3<GQ$3,GP13<GQ13)), 1, 0)))) | GT13: YUAN BARBERO | GU13: 3 | GV13: 1 | GW13: =IF(OR(GU$3="",GV$3="",GU13="",GV13=""), "", IF(AND(GU$3=GU13,GV$3=GV13), 3, IF(AND(GU$3=GV$3,GU13=GV13), 2, IF(OR(AND(GU$3>GV$3,GU13>GV13), AND(GU$3<GV$3,GU13<GV13)), 1, 0)))) | GY13: YUAN BARBERO | GZ13: 3 | HA13: 0 | HB13: =IF(OR(GZ$3="",HA$3="",GZ13="",HA13=""), "", IF(AND(GZ$3=GZ13,HA$3=HA13), 3, IF(AND(GZ$3=HA$3,GZ13=HA13), 2, IF(OR(AND(GZ$3>HA$3,GZ13>HA13), AND(GZ$3<HA$3,GZ13<HA13)), 1, 0)))) | HD13: YUAN BARBERO | HE13: 2 | HF13: 1 | HG13: =IF(OR(HE$3="",HF$3="",HE13="",HF13=""), "", IF(AND(HE$3=HE13,HF$3=HF13), 3, IF(AND(HE$3=HF$3,HE13=HF13), 2, IF(OR(AND(HE$3>HF$3,HE13>HF13), AND(HE$3<HF$3,HE13<HF13)), 1, 0)))) | HI13: YUAN BARBERO | HJ13: 0 | HK13: 3 | HL13: =IF(OR(HJ$3="",HK$3="",HJ13="",HK13=""), "", IF(AND(HJ$3=HJ13,HK$3=HK13), 3, IF(AND(HJ$3=HK$3,HJ13=HK13), 2, IF(OR(AND(HJ$3>HK$3,HJ13>HK13), AND(HJ$3<HK$3,HJ13<HK13)), 1, 0)))) | HN13: YUAN BARBERO | HO13: 3 | HP13: 0 | HQ13: =IF(OR(HO$3="",HP$3="",HO13="",HP13=""), "", IF(AND(HO$3=HO13,HP$3=HP13), 3, IF(AND(HO$3=HP$3,HO13=HP13), 2, IF(OR(AND(HO$3>HP$3,HO13>HP13), AND(HO$3<HP$3,HO13<HP13)), 1, 0)))) | HS13: YUAN BARBERO | HT13: 2 | HU13: 0 | HV13: =IF(OR(HT$3="",HU$3="",HT13="",HU13=""), "", IF(AND(HT$3=HT13,HU$3=HU13), 3, IF(AND(HT$3=HU$3,HT13=HU13), 2, IF(OR(AND(HT$3>HU$3,HT13>HU13), AND(HT$3<HU$3,HT13<HU13)), 1, 0)))) | HX13: YUAN BARBERO | HY13: 1 | HZ13: 2 | IA13: =IF(OR(HY$3="",HZ$3="",HY13="",HZ13=""), "", IF(AND(HY$3=HY13,HZ$3=HZ13), 3, IF(AND(HY$3=HZ$3,HY13=HZ13), 2, IF(OR(AND(HY$3>HZ$3,HY13>HZ13), AND(HY$3<HZ$3,HY13<HZ13)), 1, 0)))) | IC13: YUAN BARBERO | ID13: 2 | IE13: 1 | IF13: =IF(OR(ID$3="",IE$3="",ID13="",IE13=""), "", IF(AND(ID$3=ID13,IE$3=IE13), 3, IF(AND(ID$3=IE$3,ID13=IE13), 2, IF(OR(AND(ID$3>IE$3,ID13>IE13), AND(ID$3<IE$3,ID13<IE13)), 1, 0)))) | IH13: YUAN BARBERO | II13: 2 | IJ13: 1 | IK13: =IF(OR(II$3="",IJ$3="",II13="",IJ13=""), "", IF(AND(II$3=II13,IJ$3=IJ13), 3, IF(AND(II$3=IJ$3,II13=IJ13), 2, IF(OR(AND(II$3>IJ$3,II13>IJ13), AND(II$3<IJ$3,II13<IJ13)), 1, 0)))) | IM13: YUAN BARBERO | IN13: 1 | IO13: 2 | IP13: =IF(OR(IN$3="",IO$3="",IN13="",IO13=""), "", IF(AND(IN$3=IN13,IO$3=IO13), 3, IF(AND(IN$3=IO$3,IN13=IO13), 2, IF(OR(AND(IN$3>IO$3,IN13>IO13), AND(IN$3<IO$3,IN13<IO13)), 1, 0)))) | IR13: YUAN BARBERO | IS13: 2 | IT13: 0 | IU13: =IF(OR(IS$3="",IT$3="",IS13="",IT13=""), "", IF(AND(IS$3=IS13,IT$3=IT13), 3, IF(AND(IS$3=IT$3,IS13=IT13), 2, IF(OR(AND(IS$3>IT$3,IS13>IT13), AND(IS$3<IT$3,IS13<IT13)), 1, 0)))) | IW13: YUAN BARBERO | IX13: 1 | IY13: 3 | IZ13: =IF(OR(IX$3="",IY$3="",IX13="",IY13=""), "", IF(AND(IX$3=IX13,IY$3=IY13), 3, IF(AND(IX$3=IY$3,IX13=IY13), 2, IF(OR(AND(IX$3>IY$3,IX13>IY13), AND(IX$3<IY$3,IX13<IY13)), 1, 0)))) | JB13: YUAN BARBERO | JC13: 0 | JD13: 2 | JE13: =IF(OR(JC$3="",JD$3="",JC13="",JD13=""), "", IF(AND(JC$3=JC13,JD$3=JD13), 3, IF(AND(JC$3=JD$3,JC13=JD13), 2, IF(OR(AND(JC$3>JD$3,JC13>JD13), AND(JC$3<JD$3,JC13<JD13)), 1, 0)))) | JG13: YUAN BARBERO | JH13: 1 | JI13: 1 | JJ13: =IF(OR(JH$3="",JI$3="",JH13="",JI13=""), "", IF(AND(JH$3=JH13,JI$3=JI13), 3, IF(AND(JH$3=JI$3,JH13=JI13), 2, IF(OR(AND(JH$3>JI$3,JH13>JI13), AND(JH$3<JI$3,JH13<JI13)), 1, 0)))) | JL13: YUAN BARBERO | JM13: 0 | JN13: 2 | JO13: =IF(OR(JM$3="",JN$3="",JM13="",JN13=""), "", IF(AND(JM$3=JM13,JN$3=JN13), 3, IF(AND(JM$3=JN$3,JM13=JN13), 2, IF(OR(AND(JM$3>JN$3,JM13>JN13), AND(JM$3<JN$3,JM13<JN13)), 1, 0)))) | JQ13: YUAN BARBERO | JR13: 1 | JS13: 2 | JT13: =IF(OR(JR$3="",JS$3="",JR13="",JS13=""), "", IF(AND(JR$3=JR13,JS$3=JS13), 3, IF(AND(JR$3=JS$3,JR13=JS13), 2, IF(OR(AND(JR$3>JS$3,JR13>JS13), AND(JR$3<JS$3,JR13<JS13)), 1, 0)))) | JV13: YUAN BARBERO | JW13: 0 | JX13: 2 | JY13: =IF(OR(JW$3="",JX$3="",JW13="",JX13=""), "", IF(AND(JW$3=JW13,JX$3=JX13), 3, IF(AND(JW$3=JX$3,JW13=JX13), 2, IF(OR(AND(JW$3>JX$3,JW13>JX13), AND(JW$3<JX$3,JW13<JX13)), 1, 0)))) | KA13: YUAN BARBERO | KB13: 1 | KC13: 1 | KD13: =IF(OR(KB$3="",KC$3="",KB13="",KC13=""), "", IF(AND(KB$3=KB13,KC$3=KC13), 3, IF(AND(KB$3=KC$3,KB13=KC13), 2, IF(OR(AND(KB$3>KC$3,KB13>KC13), AND(KB$3<KC$3,KB13<KC13)), 1, 0)))) | KF13: YUAN BARBERO | KG13: 1 | KH13: 2 | KI13: =IF(OR(KG$3="",KH$3="",KG13="",KH13=""), "", IF(AND(KG$3=KG13,KH$3=KH13), 3, IF(AND(KG$3=KH$3,KG13=KH13), 2, IF(OR(AND(KG$3>KH$3,KG13>KH13), AND(KG$3<KH$3,KG13<KH13)), 1, 0)))) | KK13: YUAN BARBERO | KL13: 2 | KM13: 1 | KN13: =IF(OR(KL$3="",KM$3="",KL13="",KM13=""), "", IF(AND(KL$3=KL13,KM$3=KM13), 3, IF(AND(KL$3=KM$3,KL13=KM13), 2, IF(OR(AND(KL$3>KM$3,KL13>KM13), AND(KL$3<KM$3,KL13<KM13)), 1, 0)))) | KP13: YUAN BARBERO | KQ13: 1 | KR13: 2 | KS13: =IF(OR(KQ$3="",KR$3="",KQ13="",KR13=""), "", IF(AND(KQ$3=KQ13,KR$3=KR13), 3, IF(AND(KQ$3=KR$3,KQ13=KR13), 2, IF(OR(AND(KQ$3>KR$3,KQ13>KR13), AND(KQ$3<KR$3,KQ13<KR13)), 1, 0)))) | KU13: YUAN BARBERO | KV13: 1 | KW13: 1 | KX13: =IF(OR(KV$3="",KW$3="",KV13="",KW13=""), "", IF(AND(KV$3=KV13,KW$3=KW13), 3, IF(AND(KV$3=KW$3,KV13=KW13), 2, IF(OR(AND(KV$3>KW$3,KV13>KW13), AND(KV$3<KW$3,KV13<KW13)), 1, 0)))) | KZ13: YUAN BARBERO | LA13: 0 | LB13: 2 | LC13: =IF(OR(LA$3="",LB$3="",LA13="",LB13=""), "", IF(AND(LA$3=LA13,LB$3=LB13), 3, IF(AND(LA$3=LB$3,LA13=LB13), 2, IF(OR(AND(LA$3>LB$3,LA13>LB13), AND(LA$3<LB$3,LA13<LB13)), 1, 0)))) | LE13: YUAN BARBERO | LF13: 1 | LG13: 1 | LH13: =IF(OR(LF$3="",LG$3="",LF13="",LG13=""), "", IF(AND(LF$3=LF13,LG$3=LG13), 3, IF(AND(LF$3=LG$3,LF13=LG13), 2, IF(OR(AND(LF$3>LG$3,LF13>LG13), AND(LF$3<LG$3,LF13<LG13)), 1, 0)))) | LJ13: YUAN BARBERO | LK13: 0 | LL13: 2 | LM13: =IF(OR(LK$3="",LL$3="",LK13="",LL13=""), "", IF(AND(LK$3=LK13,LL$3=LL13), 3, IF(AND(LK$3=LL$3,LK13=LL13), 2, IF(OR(AND(LK$3>LL$3,LK13>LL13), AND(LK$3<LL$3,LK13<LL13)), 1, 0)))) | LO13: YUAN BARBERO | LP13: 1 | LQ13: 2 | LR13: =IF(OR(LP$3="",LQ$3="",LP13="",LQ13=""), "", IF(AND(LP$3=LP13,LQ$3=LQ13), 3, IF(AND(LP$3=LQ$3,LP13=LQ13), 2, IF(OR(AND(LP$3>LQ$3,LP13>LQ13), AND(LP$3<LQ$3,LP13<LQ13)), 1, 0)))) | LT13: YUAN BARBERO | LU13: 0 | LV13: 3 | LW13: =IF(OR(LU$3="",LV$3="",LU13="",LV13=""), "", IF(AND(LU$3=LU13,LV$3=LV13), 3, IF(AND(LU$3=LV$3,LU13=LV13), 2, IF(OR(AND(LU$3>LV$3,LU13>LV13), AND(LU$3<LV$3,LU13<LV13)), 1, 0)))) | LY13: YUAN BARBERO | LZ13: 2 | MA13: 1 | MB13: =IF(OR(LZ$3="",MA$3="",LZ13="",MA13=""), "", IF(AND(LZ$3=LZ13,MA$3=MA13), 3, IF(AND(LZ$3=MA$3,LZ13=MA13), 2, IF(OR(AND(LZ$3>MA$3,LZ13>MA13), AND(LZ$3<MA$3,LZ13<MA13)), 1, 0)))) | MD13: YUAN BARBERO | ME13: 1 | MF13: 1 | MG13: =IF(OR(ME$3="",MF$3="",ME13="",MF13=""), "", IF(AND(ME$3=ME13,MF$3=MF13), 3, IF(AND(ME$3=MF$3,ME13=MF13), 2, IF(OR(AND(ME$3>MF$3,ME13>MF13), AND(ME$3<MF$3,ME13<MF13)), 1, 0)))) | MI13: YUAN BARBERO | MJ13: 0 | MK13: 2 | ML13: =IF(OR(MJ$3="",MK$3="",MJ13="",MK13=""), "", IF(AND(MJ$3=MJ13,MK$3=MK13), 3, IF(AND(MJ$3=MK$3,MJ13=MK13), 2, IF(OR(AND(MJ$3>MK$3,MJ13>MK13), AND(MJ$3<MK$3,MJ13<MK13)), 1, 0)))) | MN13: YUAN BARBERO | MO13: 1 | MP13: 1 | MQ13: =IF(OR(MO$3="",MP$3="",MO13="",MP13=""), "", IF(AND(MO$3=MO13,MP$3=MP13), 3, IF(AND(MO$3=MP$3,MO13=MP13), 2, IF(OR(AND(MO$3>MP$3,MO13>MP13), AND(MO$3<MP$3,MO13<MP13)), 1, 0)))) | MS13: YUAN BARBERO | MT13: 1 | MU13: 3 | MV13: =IF(OR(MT$3="",MU$3="",MT13="",MU13=""), "", IF(AND(MT$3=MT13,MU$3=MU13), 3, IF(AND(MT$3=MU$3,MT13=MU13), 2, IF(OR(AND(MT$3>MU$3,MT13>MU13), AND(MT$3<MU$3,MT13<MU13)), 1, 0)))) | MX13: YUAN BARBERO | MY13: FRANCIA | NA13: ARGENTINA | NC13: BRASIL | NE13: ESPAÑA | NG13: KILIAM MBAPE | NI13: =SUM(E13,J13,O13,T13,Y13,AD13,AI13,AN13,AS13,AX13,BC13,BH13,BM13,BR13,,BW13,CB13,CG13,CL13,CQ13,CV13,DA13,DF13,DK13,DP13,DU13,DZ13,EE13,EJ13,EO13,ET13,EY13,FD13,FI13,FN13,FS13,FX13,GC13,GH13,GM13,GR13,GW13,HB13,HG13,HL13,HQ13,HV13,IA13,IF13,IK13,IP13,IU13,IZ13,JE13,JJ13,JO13,JT13,JY13,KD13,KI13,KN13,KS13,KX13,LC13,LH13,LM13,LR13,LW13,MB13,MG13,ML13,MQ13,MV13,MZ13,NB13,ND13,NF13,NH13,) -> 10
A14: 11 | B14: MACHUKY | C14: 2 | D14: 1 | E14: =IF(OR(C$3="",D$3="",C14="",D14=""), "", IF(AND(C$3=C14,D$3=D14), 3, IF(AND(C$3=D$3,C14=D14), 2, IF(OR(AND(C$3>D$3,C14>D14), AND(C$3<D$3,C14<D14)), 1, 0)))) -> 1 | G14: MACHUKY | H14: 1 | I14: 1 | J14: =IF(OR(H$3="",I$3="",H14="",I14=""), "", IF(AND(H$3=H14,I$3=I14), 3, IF(AND(H$3=I$3,H14=I14), 2, IF(OR(AND(H$3>I$3,H14>I14), AND(H$3<I$3,H14<I14)), 1, 0)))) -> 0 | L14: MACHUKY | M14: 1 | N14: 0 | O14: =IF(OR(M$3="",N$3="",M14="",N14=""), "", IF(AND(M$3=M14,N$3=N14), 3, IF(AND(M$3=N$3,M14=N14), 2, IF(OR(AND(M$3>N$3,M14>N14), AND(M$3<N$3,M14<N14)), 1, 0)))) -> 0 | Q14: MACHUKY | R14: 1 | S14: 0 | T14: =IF(OR(R$3="",S$3="",R14="",S14=""), "", IF(AND(R$3=R14,S$3=S14), 3, IF(AND(R$3=S$3,R14=S14), 2, IF(OR(AND(R$3>S$3,R14>S14), AND(R$3<S$3,R14<S14)), 1, 0)))) -> 1 | V14: MACHUKY | W14: 0 | X14: 2 | Y14: =IF(OR(W$3="",X$3="",W14="",X14=""), "", IF(AND(W$3=W14,X$3=X14), 3, IF(AND(W$3=X$3,W14=X14), 2, IF(OR(AND(W$3>X$3,W14>X14), AND(W$3<X$3,W14<X14)), 1, 0)))) -> 0 | AA14: MACHUKY | AB14: 2 | AC14: 1 | AD14: =IF(OR(AB$3="",AC$3="",AB14="",AC14=""), "", IF(AND(AB$3=AB14,AC$3=AC14), 3, IF(AND(AB$3=AC$3,AB14=AC14), 2, IF(OR(AND(AB$3>AC$3,AB14>AC14), AND(AB$3<AC$3,AB14<AC14)), 1, 0)))) -> 0 | AF14: MACHUKY | AG14: 1 | AH14: 2 | AI14: =IF(OR(AG$3="",AH$3="",AG14="",AH14=""), "", IF(AND(AG$3=AG14,AH$3=AH14), 3, IF(AND(AG$3=AH$3,AG14=AH14), 2, IF(OR(AND(AG$3>AH$3,AG14>AH14), AND(AG$3<AH$3,AG14<AH14)), 1, 0)))) | AK14: MACHUKY | AL14: 0 | AM14: 1 | AN14: =IF(OR(AL$3="",AM$3="",AL14="",AM14=""), "", IF(AND(AL$3=AL14,AM$3=AM14), 3, IF(AND(AL$3=AM$3,AL14=AM14), 2, IF(OR(AND(AL$3>AM$3,AL14>AM14), AND(AL$3<AM$3,AL14<AM14)), 1, 0)))) | AP14: MACHUKY | AQ14: 4 | AR14: 0 | AS14: =IF(OR(AQ$3="",AR$3="",AQ14="",AR14=""), "", IF(AND(AQ$3=AQ14,AR$3=AR14), 3, IF(AND(AQ$3=AR$3,AQ14=AR14), 2, IF(OR(AND(AQ$3>AR$3,AQ14>AR14), AND(AQ$3<AR$3,AQ14<AR14)), 1, 0)))) | AU14: MACHUKY | AV14: 2 | AW14: 1 | AX14: =IF(OR(AV$3="",AW$3="",AV14="",AW14=""), "", IF(AND(AV$3=AV14,AW$3=AW14), 3, IF(AND(AV$3=AW$3,AV14=AW14), 2, IF(OR(AND(AV$3>AW$3,AV14>AW14), AND(AV$3<AW$3,AV14<AW14)), 1, 0)))) | AZ14: MACHUKY | BA14: 0 | BB14: 1 | BC14: =IF(OR(BA$3="",BB$3="",BA14="",BB14=""), "", IF(AND(BA$3=BA14,BB$3=BB14), 3, IF(AND(BA$3=BB$3,BA14=BB14), 2, IF(OR(AND(BA$3>BB$3,BA14>BB14), AND(BA$3<BB$3,BA14<BB14)), 1, 0)))) | BE14: MACHUKY | BF14: 1 | BG14: 0 | BH14: =IF(OR(BF$3="",BG$3="",BF14="",BG14=""), "", IF(AND(BF$3=BF14,BG$3=BG14), 3, IF(AND(BF$3=BG$3,BF14=BG14), 2, IF(OR(AND(BF$3>BG$3,BF14>BG14), AND(BF$3<BG$3,BF14<BG14)), 1, 0)))) | BJ14: MACHUKY | BK14: 3 | BL14: 0 | BM14: =IF(OR(BK$3="",BL$3="",BK14="",BL14=""), "", IF(AND(BK$3=BK14,BL$3=BL14), 3, IF(AND(BK$3=BL$3,BK14=BL14), 2, IF(OR(AND(BK$3>BL$3,BK14>BL14), AND(BK$3<BL$3,BK14<BL14)), 1, 0)))) | BO14: MACHUKY | BP14: 2 | BQ14: 1 | BR14: =IF(OR(BP$3="",BQ$3="",BP14="",BQ14=""), "", IF(AND(BP$3=BP14,BQ$3=BQ14), 3, IF(AND(BP$3=BQ$3,BP14=BQ14), 2, IF(OR(AND(BP$3>BQ$3,BP14>BQ14), AND(BP$3<BQ$3,BP14<BQ14)), 1, 0)))) | BT14: MACHUKY | BU14: 0 | BV14: 1 | BW14: =IF(OR(BU$3="",BV$3="",BU14="",BV14=""), "", IF(AND(BU$3=BU14,BV$3=BV14), 3, IF(AND(BU$3=BV$3,BU14=BV14), 2, IF(OR(AND(BU$3>BV$3,BU14>BV14), AND(BU$3<BV$3,BU14<BV14)), 1, 0)))) | BY14: MACHUKY | BZ14: 2 | CA14: 0 | CB14: =IF(OR(BZ$3="",CA$3="",BZ14="",CA14=""), "", IF(AND(BZ$3=BZ14,CA$3=CA14), 3, IF(AND(BZ$3=CA$3,BZ14=CA14), 2, IF(OR(AND(BZ$3>CA$3,BZ14>CA14), AND(BZ$3<CA$3,BZ14<CA14)), 1, 0)))) | CD14: MACHUKY | CE14: 3 | CF14: 1 | CG14: =IF(OR(CE$3="",CF$3="",CE14="",CF14=""), "", IF(AND(CE$3=CE14,CF$3=CF14), 3, IF(AND(CE$3=CF$3,CE14=CF14), 2, IF(OR(AND(CE$3>CF$3,CE14>CF14), AND(CE$3<CF$3,CE14<CF14)), 1, 0)))) | CI14: MACHUKY | CJ14: 0 | CK14: 2 | CL14: =IF(OR(CJ$3="",CK$3="",CJ14="",CK14=""), "", IF(AND(CJ$3=CJ14,CK$3=CK14), 3, IF(AND(CJ$3=CK$3,CJ14=CK14), 2, IF(OR(AND(CJ$3>CK$3,CJ14>CK14), AND(CJ$3<CK$3,CJ14<CK14)), 1, 0)))) | CN14: MACHUKY | CO14: 2 | CP14: 1 | CQ14: =IF(OR(CO$3="",CP$3="",CO14="",CP14=""), "", IF(AND(CO$3=CO14,CP$3=CP14), 3, IF(AND(CO$3=CP$3,CO14=CP14), 2, IF(OR(AND(CO$3>CP$3,CO14>CP14), AND(CO$3<CP$3,CO14<CP14)), 1, 0)))) | CS14: MACHUKY | CT14: 2 | CU14: 0 | CV14: =IF(OR(CT$3="",CU$3="",CT14="",CU14=""), "", IF(AND(CT$3=CT14,CU$3=CU14), 3, IF(AND(CT$3=CU$3,CT14=CU14), 2, IF(OR(AND(CT$3>CU$3,CT14>CU14), AND(CT$3<CU$3,CT14<CU14)), 1, 0)))) | CX14: MACHUKY | CY14: 2 | CZ14: 0 | DA14: =IF(OR(CY$3="",CZ$3="",CY14="",CZ14=""), "", IF(AND(CY$3=CY14,CZ$3=CZ14), 3, IF(AND(CY$3=CZ$3,CY14=CZ14), 2, IF(OR(AND(CY$3>CZ$3,CY14>CZ14), AND(CY$3<CZ$3,CY14<CZ14)), 1, 0)))) | DC14: MACHUKY | DD14: 1 | DE14: 0 | DF14: =IF(OR(DD$3="",DE$3="",DD14="",DE14=""), "", IF(AND(DD$3=DD14,DE$3=DE14), 3, IF(AND(DD$3=DE$3,DD14=DE14), 2, IF(OR(AND(DD$3>DE$3,DD14>DE14), AND(DD$3<DE$3,DD14<DE14)), 1, 0)))) | DH14: MACHUKY | DI14: 1 | DJ14: 1 | DK14: =IF(OR(DI$3="",DJ$3="",DI14="",DJ14=""), "", IF(AND(DI$3=DI14,DJ$3=DJ14), 3, IF(AND(DI$3=DJ$3,DI14=DJ14), 2, IF(OR(AND(DI$3>DJ$3,DI14>DJ14), AND(DI$3<DJ$3,DI14<DJ14)), 1, 0)))) | DM14: MACHUKY | DN14: 0 | DO14: 2 | DP14: =IF(OR(DN$3="",DO$3="",DN14="",DO14=""), "", IF(AND(DN$3=DN14,DO$3=DO14), 3, IF(AND(DN$3=DO$3,DN14=DO14), 2, IF(OR(AND(DN$3>DO$3,DN14>DO14), AND(DN$3<DO$3,DN14<DO14)), 1, 0)))) | DR14: MACHUKY | DS14: 1 | DT14: 1 | DU14: =IF(OR(DS$3="",DT$3="",DS14="",DT14=""), "", IF(AND(DS$3=DS14,DT$3=DT14), 3, IF(AND(DS$3=DT$3,DS14=DT14), 2, IF(OR(AND(DS$3>DT$3,DS14>DT14), AND(DS$3<DT$3,DS14<DT14)), 1, 0)))) | DW14: MACHUKY | DX14: 2 | DY14: 0 | DZ14: =IF(OR(DX$3="",DY$3="",DX14="",DY14=""), "", IF(AND(DX$3=DX14,DY$3=DY14), 3, IF(AND(DX$3=DY$3,DX14=DY14), 2, IF(OR(AND(DX$3>DY$3,DX14>DY14), AND(DX$3<DY$3,DX14<DY14)), 1, 0)))) | EB14: MACHUKY | EC14: 1 | ED14: 0 | EE14: =IF(OR(EC$3="",ED$3="",EC14="",ED14=""), "", IF(AND(EC$3=EC14,ED$3=ED14), 3, IF(AND(EC$3=ED$3,EC14=ED14), 2, IF(OR(AND(EC$3>ED$3,EC14>ED14), AND(EC$3<ED$3,EC14<ED14)), 1, 0)))) | EG14: MACHUKY | EH14: 2 | EI14: 1 | EJ14: =IF(OR(EH$3="",EI$3="",EH14="",EI14=""), "", IF(AND(EH$3=EH14,EI$3=EI14), 3, IF(AND(EH$3=EI$3,EH14=EI14), 2, IF(OR(AND(EH$3>EI$3,EH14>EI14), AND(EH$3<EI$3,EH14<EI14)), 1, 0)))) | EL14: MACHUKY | EM14: 1 | EN14: 1 | EO14: =IF(OR(EM$3="",EN$3="",EM14="",EN14=""), "", IF(AND(EM$3=EM14,EN$3=EN14), 3, IF(AND(EM$3=EN$3,EM14=EN14), 2, IF(OR(AND(EM$3>EN$3,EM14>EN14), AND(EM$3<EN$3,EM14<EN14)), 1, 0)))) | EQ14: MACHUKY | ER14: 0 | ES14: 1 | ET14: =IF(OR(ER$3="",ES$3="",ER14="",ES14=""), "", IF(AND(ER$3=ER14,ES$3=ES14), 3, IF(AND(ER$3=ES$3,ER14=ES14), 2, IF(OR(AND(ER$3>ES$3,ER14>ES14), AND(ER$3<ES$3,ER14<ES14)), 1, 0)))) | EV14: MACHUKY | EW14: 4 | EX14: 0 | EY14: =IF(OR(EW$3="",EX$3="",EW14="",EX14=""), "", IF(AND(EW$3=EW14,EX$3=EX14), 3, IF(AND(EW$3=EX$3,EW14=EX14), 2, IF(OR(AND(EW$3>EX$3,EW14>EX14), AND(EW$3<EX$3,EW14<EX14)), 1, 0)))) | FA14: MACHUKY | FB14: 1 | FC14: 0 | FD14: =IF(OR(FB$3="",FC$3="",FB14="",FC14=""), "", IF(AND(FB$3=FB14,FC$3=FC14), 3, IF(AND(FB$3=FC$3,FB14=FC14), 2, IF(OR(AND(FB$3>FC$3,FB14>FC14), AND(FB$3<FC$3,FB14<FC14)), 1, 0)))) | FF14: MACHUKY | FG14: 2 | FH14: 1 | FI14: =IF(OR(FG$3="",FH$3="",FG14="",FH14=""), "", IF(AND(FG$3=FG14,FH$3=FH14), 3, IF(AND(FG$3=FH$3,FG14=FH14), 2, IF(OR(AND(FG$3>FH$3,FG14>FH14), AND(FG$3<FH$3,FG14<FH14)), 1, 0)))) | FK14: MACHUKY | FL14: 2 | FM14: 1 | FN14: =IF(OR(FL$3="",FM$3="",FL14="",FM14=""), "", IF(AND(FL$3=FL14,FM$3=FM14), 3, IF(AND(FL$3=FM$3,FL14=FM14), 2, IF(OR(AND(FL$3>FM$3,FL14>FM14), AND(FL$3<FM$3,FL14<FM14)), 1, 0)))) | FP14: MACHUKY | FQ14: 3 | FR14: 0 | FS14: =IF(OR(FQ$3="",FR$3="",FQ14="",FR14=""), "", IF(AND(FQ$3=FQ14,FR$3=FR14), 3, IF(AND(FQ$3=FR$3,FQ14=FR14), 2, IF(OR(AND(FQ$3>FR$3,FQ14>FR14), AND(FQ$3<FR$3,FQ14<FR14)), 1, 0)))) | FU14: MACHUKY | FV14: 0 | FW14: 1 | FX14: =IF(OR(FV$3="",FW$3="",FV14="",FW14=""), "", IF(AND(FV$3=FV14,FW$3=FW14), 3, IF(AND(FV$3=FW$3,FV14=FW14), 2, IF(OR(AND(FV$3>FW$3,FV14>FW14), AND(FV$3<FW$3,FV14<FW14)), 1, 0)))) | FZ14: MACHUKY | GA14: 3 | GB14: 0 | GC14: =IF(OR(GA$3="",GB$3="",GA14="",GB14=""), "", IF(AND(GA$3=GA14,GB$3=GB14), 3, IF(AND(GA$3=GB$3,GA14=GB14), 2, IF(OR(AND(GA$3>GB$3,GA14>GB14), AND(GA$3<GB$3,GA14<GB14)), 1, 0)))) | GE14: MACHUKY | GF14: 2 | GG14: 0 | GH14: =IF(OR(GF$3="",GG$3="",GF14="",GG14=""), "", IF(AND(GF$3=GF14,GG$3=GG14), 3, IF(AND(GF$3=GG$3,GF14=GG14), 2, IF(OR(AND(GF$3>GG$3,GF14>GG14), AND(GF$3<GG$3,GF14<GG14)), 1, 0)))) | GJ14: MACHUKY | GK14: 2 | GL14: 0 | GM14: =IF(OR(GK$3="",GL$3="",GK14="",GL14=""), "", IF(AND(GK$3=GK14,GL$3=GL14), 3, IF(AND(GK$3=GL$3,GK14=GL14), 2, IF(OR(AND(GK$3>GL$3,GK14>GL14), AND(GK$3<GL$3,GK14<GL14)), 1, 0)))) | GO14: MACHUKY | GP14: 0 | GQ14: 2 | GR14: =IF(OR(GP$3="",GQ$3="",GP14="",GQ14=""), "", IF(AND(GP$3=GP14,GQ$3=GQ14), 3, IF(AND(GP$3=GQ$3,GP14=GQ14), 2, IF(OR(AND(GP$3>GQ$3,GP14>GQ14), AND(GP$3<GQ$3,GP14<GQ14)), 1, 0)))) | GT14: MACHUKY | GU14: 2 | GV14: 0 | GW14: =IF(OR(GU$3="",GV$3="",GU14="",GV14=""), "", IF(AND(GU$3=GU14,GV$3=GV14), 3, IF(AND(GU$3=GV$3,GU14=GV14), 2, IF(OR(AND(GU$3>GV$3,GU14>GV14), AND(GU$3<GV$3,GU14<GV14)), 1, 0)))) | GY14: MACHUKY | GZ14: 3 | HA14: 0 | HB14: =IF(OR(GZ$3="",HA$3="",GZ14="",HA14=""), "", IF(AND(GZ$3=GZ14,HA$3=HA14), 3, IF(AND(GZ$3=HA$3,GZ14=HA14), 2, IF(OR(AND(GZ$3>HA$3,GZ14>HA14), AND(GZ$3<HA$3,GZ14<HA14)), 1, 0)))) | HD14: MACHUKY | HE14: 2 | HF14: 1 | HG14: =IF(OR(HE$3="",HF$3="",HE14="",HF14=""), "", IF(AND(HE$3=HE14,HF$3=HF14), 3, IF(AND(HE$3=HF$3,HE14=HF14), 2, IF(OR(AND(HE$3>HF$3,HE14>HF14), AND(HE$3<HF$3,HE14<HF14)), 1, 0)))) | HI14: MACHUKY | HJ14: 0 | HK14: 1 | HL14: =IF(OR(HJ$3="",HK$3="",HJ14="",HK14=""), "", IF(AND(HJ$3=HJ14,HK$3=HK14), 3, IF(AND(HJ$3=HK$3,HJ14=HK14), 2, IF(OR(AND(HJ$3>HK$3,HJ14>HK14), AND(HJ$3<HK$3,HJ14<HK14)), 1, 0)))) | HN14: MACHUKY | HO14: 3 | HP14: 0 | HQ14: =IF(OR(HO$3="",HP$3="",HO14="",HP14=""), "", IF(AND(HO$3=HO14,HP$3=HP14), 3, IF(AND(HO$3=HP$3,HO14=HP14), 2, IF(OR(AND(HO$3>HP$3,HO14>HP14), AND(HO$3<HP$3,HO14<HP14)), 1, 0)))) | HS14: MACHUKY | HT14: 2 | HU14: 1 | HV14: =IF(OR(HT$3="",HU$3="",HT14="",HU14=""), "", IF(AND(HT$3=HT14,HU$3=HU14), 3, IF(AND(HT$3=HU$3,HT14=HU14), 2, IF(OR(AND(HT$3>HU$3,HT14>HU14), AND(HT$3<HU$3,HT14<HU14)), 1, 0)))) | HX14: MACHUKY | HY14: 0 | HZ14: 2 | IA14: =IF(OR(HY$3="",HZ$3="",HY14="",HZ14=""), "", IF(AND(HY$3=HY14,HZ$3=HZ14), 3, IF(AND(HY$3=HZ$3,HY14=HZ14), 2, IF(OR(AND(HY$3>HZ$3,HY14>HZ14), AND(HY$3<HZ$3,HY14<HZ14)), 1, 0)))) | IC14: MACHUKY | ID14: 2 | IE14: 0 | IF14: =IF(OR(ID$3="",IE$3="",ID14="",IE14=""), "", IF(AND(ID$3=ID14,IE$3=IE14), 3, IF(AND(ID$3=IE$3,ID14=IE14), 2, IF(OR(AND(ID$3>IE$3,ID14>IE14), AND(ID$3<IE$3,ID14<IE14)), 1, 0)))) | IH14: MACHUKY | II14: 1 | IJ14: 0 | IK14: =IF(OR(II$3="",IJ$3="",II14="",IJ14=""), "", IF(AND(II$3=II14,IJ$3=IJ14), 3, IF(AND(II$3=IJ$3,II14=IJ14), 2, IF(OR(AND(II$3>IJ$3,II14>IJ14), AND(II$3<IJ$3,II14<IJ14)), 1, 0)))) | IM14: MACHUKY | IN14: 2 | IO14: 1 | IP14: =IF(OR(IN$3="",IO$3="",IN14="",IO14=""), "", IF(AND(IN$3=IN14,IO$3=IO14), 3, IF(AND(IN$3=IO$3,IN14=IO14), 2, IF(OR(AND(IN$3>IO$3,IN14>IO14), AND(IN$3<IO$3,IN14<IO14)), 1, 0)))) | IR14: MACHUKY | IS14: 2 | IT14: 0 | IU14: =IF(OR(IS$3="",IT$3="",IS14="",IT14=""), "", IF(AND(IS$3=IS14,IT$3=IT14), 3, IF(AND(IS$3=IT$3,IS14=IT14), 2, IF(OR(AND(IS$3>IT$3,IS14>IT14), AND(IS$3<IT$3,IS14<IT14)), 1, 0)))) | IW14: MACHUKY | IX14: 0 | IY14: 2 | IZ14: =IF(OR(IX$3="",IY$3="",IX14="",IY14=""), "", IF(AND(IX$3=IX14,IY$3=IY14), 3, IF(AND(IX$3=IY$3,IX14=IY14), 2, IF(OR(AND(IX$3>IY$3,IX14>IY14), AND(IX$3<IY$3,IX14<IY14)), 1, 0)))) | JB14: MACHUKY | JC14: 1 | JD14: 1 | JE14: =IF(OR(JC$3="",JD$3="",JC14="",JD14=""), "", IF(AND(JC$3=JC14,JD$3=JD14), 3, IF(AND(JC$3=JD$3,JC14=JD14), 2, IF(OR(AND(JC$3>JD$3,JC14>JD14), AND(JC$3<JD$3,JC14<JD14)), 1, 0)))) | JG14: MACHUKY | JH14: 1 | JI14: 1 | JJ14: =IF(OR(JH$3="",JI$3="",JH14="",JI14=""), "", IF(AND(JH$3=JH14,JI$3=JI14), 3, IF(AND(JH$3=JI$3,JH14=JI14), 2, IF(OR(AND(JH$3>JI$3,JH14>JI14), AND(JH$3<JI$3,JH14<JI14)), 1, 0)))) | JL14: MACHUKY | JM14: 0 | JN14: 2 | JO14: =IF(OR(JM$3="",JN$3="",JM14="",JN14=""), "", IF(AND(JM$3=JM14,JN$3=JN14), 3, IF(AND(JM$3=JN$3,JM14=JN14), 2, IF(OR(AND(JM$3>JN$3,JM14>JN14), AND(JM$3<JN$3,JM14<JN14)), 1, 0)))) | JQ14: MACHUKY | JR14: 1 | JS14: 2 | JT14: =IF(OR(JR$3="",JS$3="",JR14="",JS14=""), "", IF(AND(JR$3=JR14,JS$3=JS14), 3, IF(AND(JR$3=JS$3,JR14=JS14), 2, IF(OR(AND(JR$3>JS$3,JR14>JS14), AND(JR$3<JS$3,JR14<JS14)), 1, 0)))) | JV14: MACHUKY | JW14: 0 | JX14: 2 | JY14: =IF(OR(JW$3="",JX$3="",JW14="",JX14=""), "", IF(AND(JW$3=JW14,JX$3=JX14), 3, IF(AND(JW$3=JX$3,JW14=JX14), 2, IF(OR(AND(JW$3>JX$3,JW14>JX14), AND(JW$3<JX$3,JW14<JX14)), 1, 0)))) | KA14: MACHUKY | KB14: 2 | KC14: 1 | KD14: =IF(OR(KB$3="",KC$3="",KB14="",KC14=""), "", IF(AND(KB$3=KB14,KC$3=KC14), 3, IF(AND(KB$3=KC$3,KB14=KC14), 2, IF(OR(AND(KB$3>KC$3,KB14>KC14), AND(KB$3<KC$3,KB14<KC14)), 1, 0)))) | KF14: MACHUKY | KG14: 1 | KH14: 1 | KI14: =IF(OR(KG$3="",KH$3="",KG14="",KH14=""), "", IF(AND(KG$3=KG14,KH$3=KH14), 3, IF(AND(KG$3=KH$3,KG14=KH14), 2, IF(OR(AND(KG$3>KH$3,KG14>KH14), AND(KG$3<KH$3,KG14<KH14)), 1, 0)))) | KK14: MACHUKY | KL14: 1 | KM14: 0 | KN14: =IF(OR(KL$3="",KM$3="",KL14="",KM14=""), "", IF(AND(KL$3=KL14,KM$3=KM14), 3, IF(AND(KL$3=KM$3,KL14=KM14), 2, IF(OR(AND(KL$3>KM$3,KL14>KM14), AND(KL$3<KM$3,KL14<KM14)), 1, 0)))) | KP14: MACHUKY | KQ14: 1 | KR14: 2 | KS14: =IF(OR(KQ$3="",KR$3="",KQ14="",KR14=""), "", IF(AND(KQ$3=KQ14,KR$3=KR14), 3, IF(AND(KQ$3=KR$3,KQ14=KR14), 2, IF(OR(AND(KQ$3>KR$3,KQ14>KR14), AND(KQ$3<KR$3,KQ14<KR14)), 1, 0)))) | KU14: MACHUKY | KV14: 2 | KW14: 1 | KX14: =IF(OR(KV$3="",KW$3="",KV14="",KW14=""), "", IF(AND(KV$3=KV14,KW$3=KW14), 3, IF(AND(KV$3=KW$3,KV14=KW14), 2, IF(OR(AND(KV$3>KW$3,KV14>KW14), AND(KV$3<KW$3,KV14<KW14)), 1, 0)))) | KZ14: MACHUKY | LA14: 0 | LB14: 1 | LC14: =IF(OR(LA$3="",LB$3="",LA14="",LB14=""), "", IF(AND(LA$3=LA14,LB$3=LB14), 3, IF(AND(LA$3=LB$3,LA14=LB14), 2, IF(OR(AND(LA$3>LB$3,LA14>LB14), AND(LA$3<LB$3,LA14<LB14)), 1, 0)))) | LE14: MACHUKY | LF14: 1 | LG14: 2 | LH14: =IF(OR(LF$3="",LG$3="",LF14="",LG14=""), "", IF(AND(LF$3=LF14,LG$3=LG14), 3, IF(AND(LF$3=LG$3,LF14=LG14), 2, IF(OR(AND(LF$3>LG$3,LF14>LG14), AND(LF$3<LG$3,LF14<LG14)), 1, 0)))) | LJ14: MACHUKY | LK14: 0 | LL14: 2 | LM14: =IF(OR(LK$3="",LL$3="",LK14="",LL14=""), "", IF(AND(LK$3=LK14,LL$3=LL14), 3, IF(AND(LK$3=LL$3,LK14=LL14), 2, IF(OR(AND(LK$3>LL$3,LK14>LL14), AND(LK$3<LL$3,LK14<LL14)), 1, 0)))) | LO14: MACHUKY | LP14: 2 | LQ14: 1 | LR14: =IF(OR(LP$3="",LQ$3="",LP14="",LQ14=""), "", IF(AND(LP$3=LP14,LQ$3=LQ14), 3, IF(AND(LP$3=LQ$3,LP14=LQ14), 2, IF(OR(AND(LP$3>LQ$3,LP14>LQ14), AND(LP$3<LQ$3,LP14<LQ14)), 1, 0)))) | LT14: MACHUKY | LU14: 0 | LV14: 3 | LW14: =IF(OR(LU$3="",LV$3="",LU14="",LV14=""), "", IF(AND(LU$3=LU14,LV$3=LV14), 3, IF(AND(LU$3=LV$3,LU14=LV14), 2, IF(OR(AND(LU$3>LV$3,LU14>LV14), AND(LU$3<LV$3,LU14<LV14)), 1, 0)))) | LY14: MACHUKY | LZ14: 1 | MA14: 0 | MB14: =IF(OR(LZ$3="",MA$3="",LZ14="",MA14=""), "", IF(AND(LZ$3=LZ14,MA$3=MA14), 3, IF(AND(LZ$3=MA$3,LZ14=MA14), 2, IF(OR(AND(LZ$3>MA$3,LZ14>MA14), AND(LZ$3<MA$3,LZ14<MA14)), 1, 0)))) | MD14: MACHUKY | ME14: 1 | MF14: 2 | MG14: =IF(OR(ME$3="",MF$3="",ME14="",MF14=""), "", IF(AND(ME$3=ME14,MF$3=MF14), 3, IF(AND(ME$3=MF$3,ME14=MF14), 2, IF(OR(AND(ME$3>MF$3,ME14>MF14), AND(ME$3<MF$3,ME14<MF14)), 1, 0)))) | MI14: MACHUKY | MJ14: 0 | MK14: 2 | ML14: =IF(OR(MJ$3="",MK$3="",MJ14="",MK14=""), "", IF(AND(MJ$3=MJ14,MK$3=MK14), 3, IF(AND(MJ$3=MK$3,MJ14=MK14), 2, IF(OR(AND(MJ$3>MK$3,MJ14>MK14), AND(MJ$3<MK$3,MJ14<MK14)), 1, 0)))) | MN14: MACHUKY | MO14: 1 | MP14: 0 | MQ14: =IF(OR(MO$3="",MP$3="",MO14="",MP14=""), "", IF(AND(MO$3=MO14,MP$3=MP14), 3, IF(AND(MO$3=MP$3,MO14=MP14), 2, IF(OR(AND(MO$3>MP$3,MO14>MP14), AND(MO$3<MP$3,MO14<MP14)), 1, 0)))) | MS14: MACHUKY | MT14: 0 | MU14: 3 | MV14: =IF(OR(MT$3="",MU$3="",MT14="",MU14=""), "", IF(AND(MT$3=MT14,MU$3=MU14), 3, IF(AND(MT$3=MU$3,MT14=MU14), 2, IF(OR(AND(MT$3>MU$3,MT14>MU14), AND(MT$3<MU$3,MT14<MU14)), 1, 0)))) | MX14: MACHUKY | MY14: FRANCIA | NA14: ESPAÑA | NC14: INGLATERRA | NE14: ARGENTINA | NG14: HARRY KEANE | NI14: =SUM(E14,J14,O14,T14,Y14,AD14,AI14,AN14,AS14,AX14,BC14,BH14,BM14,BR14,,BW14,CB14,CG14,CL14,CQ14,CV14,DA14,DF14,DK14,DP14,DU14,DZ14,EE14,EJ14,EO14,ET14,EY14,FD14,FI14,FN14,FS14,FX14,GC14,GH14,GM14,GR14,GW14,HB14,HG14,HL14,HQ14,HV14,IA14,IF14,IK14,IP14,IU14,IZ14,JE14,JJ14,JO14,JT14,JY14,KD14,KI14,KN14,KS14,KX14,LC14,LH14,LM14,LR14,LW14,MB14,MG14,ML14,MQ14,MV14,MZ14,NB14,ND14,NF14,NH14,) -> 2
A15: 12 | B15: CAMILO CHAVARRIA | C15: 2 | D15: 1 | E15: =IF(OR(C$3="",D$3="",C15="",D15=""), "", IF(AND(C$3=C15,D$3=D15), 3, IF(AND(C$3=D$3,C15=D15), 2, IF(OR(AND(C$3>D$3,C15>D15), AND(C$3<D$3,C15<D15)), 1, 0)))) -> 1 | G15: CAMILO CHAVARRIA | H15: 1 | I15: 0 | J15: =IF(OR(H$3="",I$3="",H15="",I15=""), "", IF(AND(H$3=H15,I$3=I15), 3, IF(AND(H$3=I$3,H15=I15), 2, IF(OR(AND(H$3>I$3,H15>I15), AND(H$3<I$3,H15<I15)), 1, 0)))) -> 1 | L15: CAMILO CHAVARRIA | M15: 1 | N15: 0 | O15: =IF(OR(M$3="",N$3="",M15="",N15=""), "", IF(AND(M$3=M15,N$3=N15), 3, IF(AND(M$3=N$3,M15=N15), 2, IF(OR(AND(M$3>N$3,M15>N15), AND(M$3<N$3,M15<N15)), 1, 0)))) -> 0 | Q15: CAMILO CHAVARRIA | R15: 2 | S15: 1 | T15: =IF(OR(R$3="",S$3="",R15="",S15=""), "", IF(AND(R$3=R15,S$3=S15), 3, IF(AND(R$3=S$3,R15=S15), 2, IF(OR(AND(R$3>S$3,R15>S15), AND(R$3<S$3,R15<S15)), 1, 0)))) -> 1 | V15: CAMILO CHAVARRIA | W15: 1 | X15: 3 | Y15: =IF(OR(W$3="",X$3="",W15="",X15=""), "", IF(AND(W$3=W15,X$3=X15), 3, IF(AND(W$3=X$3,W15=X15), 2, IF(OR(AND(W$3>X$3,W15>X15), AND(W$3<X$3,W15<X15)), 1, 0)))) -> 0 | AA15: CAMILO CHAVARRIA | AB15: 1 | AC15: 1 | AD15: =IF(OR(AB$3="",AC$3="",AB15="",AC15=""), "", IF(AND(AB$3=AB15,AC$3=AC15), 3, IF(AND(AB$3=AC$3,AB15=AC15), 2, IF(OR(AND(AB$3>AC$3,AB15>AC15), AND(AB$3<AC$3,AB15<AC15)), 1, 0)))) -> 3 | AF15: CAMILO CHAVARRIA | AG15: 0 | AH15: 3 | AI15: =IF(OR(AG$3="",AH$3="",AG15="",AH15=""), "", IF(AND(AG$3=AG15,AH$3=AH15), 3, IF(AND(AG$3=AH$3,AG15=AH15), 2, IF(OR(AND(AG$3>AH$3,AG15>AH15), AND(AG$3<AH$3,AG15<AH15)), 1, 0)))) | AK15: CAMILO CHAVARRIA | AL15: 1 | AM15: 2 | AN15: =IF(OR(AL$3="",AM$3="",AL15="",AM15=""), "", IF(AND(AL$3=AL15,AM$3=AM15), 3, IF(AND(AL$3=AM$3,AL15=AM15), 2, IF(OR(AND(AL$3>AM$3,AL15>AM15), AND(AL$3<AM$3,AL15<AM15)), 1, 0)))) | AP15: CAMILO CHAVARRIA | AQ15: 4 | AR15: 0 | AS15: =IF(OR(AQ$3="",AR$3="",AQ15="",AR15=""), "", IF(AND(AQ$3=AQ15,AR$3=AR15), 3, IF(AND(AQ$3=AR$3,AQ15=AR15), 2, IF(OR(AND(AQ$3>AR$3,AQ15>AR15), AND(AQ$3<AR$3,AQ15<AR15)), 1, 0)))) | AU15: CAMILO CHAVARRIA | AV15: 2 | AW15: 1 | AX15: =IF(OR(AV$3="",AW$3="",AV15="",AW15=""), "", IF(AND(AV$3=AV15,AW$3=AW15), 3, IF(AND(AV$3=AW$3,AV15=AW15), 2, IF(OR(AND(AV$3>AW$3,AV15>AW15), AND(AV$3<AW$3,AV15<AW15)), 1, 0)))) | AZ15: CAMILO CHAVARRIA | BA15: 1 | BB15: 2 | BC15: =IF(OR(BA$3="",BB$3="",BA15="",BB15=""), "", IF(AND(BA$3=BA15,BB$3=BB15), 3, IF(AND(BA$3=BB$3,BA15=BB15), 2, IF(OR(AND(BA$3>BB$3,BA15>BB15), AND(BA$3<BB$3,BA15<BB15)), 1, 0)))) | BE15: CAMILO CHAVARRIA | BF15: 1 | BG15: 0 | BH15: =IF(OR(BF$3="",BG$3="",BF15="",BG15=""), "", IF(AND(BF$3=BF15,BG$3=BG15), 3, IF(AND(BF$3=BG$3,BF15=BG15), 2, IF(OR(AND(BF$3>BG$3,BF15>BG15), AND(BF$3<BG$3,BF15<BG15)), 1, 0)))) | BJ15: CAMILO CHAVARRIA | BK15: 3 | BL15: 0 | BM15: =IF(OR(BK$3="",BL$3="",BK15="",BL15=""), "", IF(AND(BK$3=BK15,BL$3=BL15), 3, IF(AND(BK$3=BL$3,BK15=BL15), 2, IF(OR(AND(BK$3>BL$3,BK15>BL15), AND(BK$3<BL$3,BK15<BL15)), 1, 0)))) | BO15: CAMILO CHAVARRIA | BP15: 2 | BQ15: 1 | BR15: =IF(OR(BP$3="",BQ$3="",BP15="",BQ15=""), "", IF(AND(BP$3=BP15,BQ$3=BQ15), 3, IF(AND(BP$3=BQ$3,BP15=BQ15), 2, IF(OR(AND(BP$3>BQ$3,BP15>BQ15), AND(BP$3<BQ$3,BP15<BQ15)), 1, 0)))) | BT15: CAMILO CHAVARRIA | BU15: 0 | BV15: 2 | BW15: =IF(OR(BU$3="",BV$3="",BU15="",BV15=""), "", IF(AND(BU$3=BU15,BV$3=BV15), 3, IF(AND(BU$3=BV$3,BU15=BV15), 2, IF(OR(AND(BU$3>BV$3,BU15>BV15), AND(BU$3<BV$3,BU15<BV15)), 1, 0)))) | BY15: CAMILO CHAVARRIA | BZ15: 0 | CA15: 2 | CB15: =IF(OR(BZ$3="",CA$3="",BZ15="",CA15=""), "", IF(AND(BZ$3=BZ15,CA$3=CA15), 3, IF(AND(BZ$3=CA$3,BZ15=CA15), 2, IF(OR(AND(BZ$3>CA$3,BZ15>CA15), AND(BZ$3<CA$3,BZ15<CA15)), 1, 0)))) | CD15: CAMILO CHAVARRIA | CE15: 2 | CF15: 0 | CG15: =IF(OR(CE$3="",CF$3="",CE15="",CF15=""), "", IF(AND(CE$3=CE15,CF$3=CF15), 3, IF(AND(CE$3=CF$3,CE15=CF15), 2, IF(OR(AND(CE$3>CF$3,CE15>CF15), AND(CE$3<CF$3,CE15<CF15)), 1, 0)))) | CI15: CAMILO CHAVARRIA | CJ15: 0 | CK15: 1 | CL15: =IF(OR(CJ$3="",CK$3="",CJ15="",CK15=""), "", IF(AND(CJ$3=CJ15,CK$3=CK15), 3, IF(AND(CJ$3=CK$3,CJ15=CK15), 2, IF(OR(AND(CJ$3>CK$3,CJ15>CK15), AND(CJ$3<CK$3,CJ15<CK15)), 1, 0)))) | CN15: CAMILO CHAVARRIA | CO15: 3 | CP15: 0 | CQ15: =IF(OR(CO$3="",CP$3="",CO15="",CP15=""), "", IF(AND(CO$3=CO15,CP$3=CP15), 3, IF(AND(CO$3=CP$3,CO15=CP15), 2, IF(OR(AND(CO$3>CP$3,CO15>CP15), AND(CO$3<CP$3,CO15<CP15)), 1, 0)))) | CS15: CAMILO CHAVARRIA | CT15: 1 | CU15: 1 | CV15: =IF(OR(CT$3="",CU$3="",CT15="",CU15=""), "", IF(AND(CT$3=CT15,CU$3=CU15), 3, IF(AND(CT$3=CU$3,CT15=CU15), 2, IF(OR(AND(CT$3>CU$3,CT15>CU15), AND(CT$3<CU$3,CT15<CU15)), 1, 0)))) | CX15: CAMILO CHAVARRIA | CY15: 3 | CZ15: 1 | DA15: =IF(OR(CY$3="",CZ$3="",CY15="",CZ15=""), "", IF(AND(CY$3=CY15,CZ$3=CZ15), 3, IF(AND(CY$3=CZ$3,CY15=CZ15), 2, IF(OR(AND(CY$3>CZ$3,CY15>CZ15), AND(CY$3<CZ$3,CY15<CZ15)), 1, 0)))) | DC15: CAMILO CHAVARRIA | DD15: 2 | DE15: 1 | DF15: =IF(OR(DD$3="",DE$3="",DD15="",DE15=""), "", IF(AND(DD$3=DD15,DE$3=DE15), 3, IF(AND(DD$3=DE$3,DD15=DE15), 2, IF(OR(AND(DD$3>DE$3,DD15>DE15), AND(DD$3<DE$3,DD15<DE15)), 1, 0)))) | DH15: CAMILO CHAVARRIA | DI15: 1 | DJ15: 1 | DK15: =IF(OR(DI$3="",DJ$3="",DI15="",DJ15=""), "", IF(AND(DI$3=DI15,DJ$3=DJ15), 3, IF(AND(DI$3=DJ$3,DI15=DJ15), 2, IF(OR(AND(DI$3>DJ$3,DI15>DJ15), AND(DI$3<DJ$3,DI15<DJ15)), 1, 0)))) | DM15: CAMILO CHAVARRIA | DN15: 0 | DO15: 3 | DP15: =IF(OR(DN$3="",DO$3="",DN15="",DO15=""), "", IF(AND(DN$3=DN15,DO$3=DO15), 3, IF(AND(DN$3=DO$3,DN15=DO15), 2, IF(OR(AND(DN$3>DO$3,DN15>DO15), AND(DN$3<DO$3,DN15<DO15)), 1, 0)))) | DR15: CAMILO CHAVARRIA | DS15: 2 | DT15: 2 | DU15: =IF(OR(DS$3="",DT$3="",DS15="",DT15=""), "", IF(AND(DS$3=DS15,DT$3=DT15), 3, IF(AND(DS$3=DT$3,DS15=DT15), 2, IF(OR(AND(DS$3>DT$3,DS15>DT15), AND(DS$3<DT$3,DS15<DT15)), 1, 0)))) | DW15: CAMILO CHAVARRIA | DX15: 2 | DY15: 0 | DZ15: =IF(OR(DX$3="",DY$3="",DX15="",DY15=""), "", IF(AND(DX$3=DX15,DY$3=DY15), 3, IF(AND(DX$3=DY$3,DX15=DY15), 2, IF(OR(AND(DX$3>DY$3,DX15>DY15), AND(DX$3<DY$3,DX15<DY15)), 1, 0)))) | EB15: CAMILO CHAVARRIA | EC15: 2 | ED15: 1 | EE15: =IF(OR(EC$3="",ED$3="",EC15="",ED15=""), "", IF(AND(EC$3=EC15,ED$3=ED15), 3, IF(AND(EC$3=ED$3,EC15=ED15), 2, IF(OR(AND(EC$3>ED$3,EC15>ED15), AND(EC$3<ED$3,EC15<ED15)), 1, 0)))) | EG15: CAMILO CHAVARRIA | EH15: 2 | EI15: 1 | EJ15: =IF(OR(EH$3="",EI$3="",EH15="",EI15=""), "", IF(AND(EH$3=EH15,EI$3=EI15), 3, IF(AND(EH$3=EI$3,EH15=EI15), 2, IF(OR(AND(EH$3>EI$3,EH15>EI15), AND(EH$3<EI$3,EH15<EI15)), 1, 0)))) | EL15: CAMILO CHAVARRIA | EM15: 2 | EN15: 1 | EO15: =IF(OR(EM$3="",EN$3="",EM15="",EN15=""), "", IF(AND(EM$3=EM15,EN$3=EN15), 3, IF(AND(EM$3=EN$3,EM15=EN15), 2, IF(OR(AND(EM$3>EN$3,EM15>EN15), AND(EM$3<EN$3,EM15<EN15)), 1, 0)))) | EQ15: CAMILO CHAVARRIA | ER15: 0 | ES15: 2 | ET15: =IF(OR(ER$3="",ES$3="",ER15="",ES15=""), "", IF(AND(ER$3=ER15,ES$3=ES15), 3, IF(AND(ER$3=ES$3,ER15=ES15), 2, IF(OR(AND(ER$3>ES$3,ER15>ES15), AND(ER$3<ES$3,ER15<ES15)), 1, 0)))) | EV15: CAMILO CHAVARRIA | EW15: 4 | EX15: 0 | EY15: =IF(OR(EW$3="",EX$3="",EW15="",EX15=""), "", IF(AND(EW$3=EW15,EX$3=EX15), 3, IF(AND(EW$3=EX$3,EW15=EX15), 2, IF(OR(AND(EW$3>EX$3,EW15>EX15), AND(EW$3<EX$3,EW15<EX15)), 1, 0)))) | FA15: CAMILO CHAVARRIA | FB15: 1 | FC15: 3 | FD15: =IF(OR(FB$3="",FC$3="",FB15="",FC15=""), "", IF(AND(FB$3=FB15,FC$3=FC15), 3, IF(AND(FB$3=FC$3,FB15=FC15), 2, IF(OR(AND(FB$3>FC$3,FB15>FC15), AND(FB$3<FC$3,FB15<FC15)), 1, 0)))) | FF15: CAMILO CHAVARRIA | FG15: 2 | FH15: 1 | FI15: =IF(OR(FG$3="",FH$3="",FG15="",FH15=""), "", IF(AND(FG$3=FG15,FH$3=FH15), 3, IF(AND(FG$3=FH$3,FG15=FH15), 2, IF(OR(AND(FG$3>FH$3,FG15>FH15), AND(FG$3<FH$3,FG15<FH15)), 1, 0)))) | FK15: CAMILO CHAVARRIA | FL15: 3 | FM15: 1 | FN15: =IF(OR(FL$3="",FM$3="",FL15="",FM15=""), "", IF(AND(FL$3=FL15,FM$3=FM15), 3, IF(AND(FL$3=FM$3,FL15=FM15), 2, IF(OR(AND(FL$3>FM$3,FL15>FM15), AND(FL$3<FM$3,FL15<FM15)), 1, 0)))) | FP15: CAMILO CHAVARRIA | FQ15: 2 | FR15: 0 | FS15: =IF(OR(FQ$3="",FR$3="",FQ15="",FR15=""), "", IF(AND(FQ$3=FQ15,FR$3=FR15), 3, IF(AND(FQ$3=FR$3,FQ15=FR15), 2, IF(OR(AND(FQ$3>FR$3,FQ15>FR15), AND(FQ$3<FR$3,FQ15<FR15)), 1, 0)))) | FU15: CAMILO CHAVARRIA | FV15: 1 | FW15: 2 | FX15: =IF(OR(FV$3="",FW$3="",FV15="",FW15=""), "", IF(AND(FV$3=FV15,FW$3=FW15), 3, IF(AND(FV$3=FW$3,FV15=FW15), 2, IF(OR(AND(FV$3>FW$3,FV15>FW15), AND(FV$3<FW$3,FV15<FW15)), 1, 0)))) | FZ15: CAMILO CHAVARRIA | GA15: 3 | GB15: 1 | GC15: =IF(OR(GA$3="",GB$3="",GA15="",GB15=""), "", IF(AND(GA$3=GA15,GB$3=GB15), 3, IF(AND(GA$3=GB$3,GA15=GB15), 2, IF(OR(AND(GA$3>GB$3,GA15>GB15), AND(GA$3<GB$3,GA15<GB15)), 1, 0)))) | GE15: CAMILO CHAVARRIA | GF15: 2 | GG15: 0 | GH15: =IF(OR(GF$3="",GG$3="",GF15="",GG15=""), "", IF(AND(GF$3=GF15,GG$3=GG15), 3, IF(AND(GF$3=GG$3,GF15=GG15), 2, IF(OR(AND(GF$3>GG$3,GF15>GG15), AND(GF$3<GG$3,GF15<GG15)), 1, 0)))) | GJ15: CAMILO CHAVARRIA | GK15: 3 | GL15: 0 | GM15: =IF(OR(GK$3="",GL$3="",GK15="",GL15=""), "", IF(AND(GK$3=GK15,GL$3=GL15), 3, IF(AND(GK$3=GL$3,GK15=GL15), 2, IF(OR(AND(GK$3>GL$3,GK15>GL15), AND(GK$3<GL$3,GK15<GL15)), 1, 0)))) | GO15: CAMILO CHAVARRIA | GP15: 1 | GQ15: 1 | GR15: =IF(OR(GP$3="",GQ$3="",GP15="",GQ15=""), "", IF(AND(GP$3=GP15,GQ$3=GQ15), 3, IF(AND(GP$3=GQ$3,GP15=GQ15), 2, IF(OR(AND(GP$3>GQ$3,GP15>GQ15), AND(GP$3<GQ$3,GP15<GQ15)), 1, 0)))) | GT15: CAMILO CHAVARRIA | GU15: 3 | GV15: 0 | GW15: =IF(OR(GU$3="",GV$3="",GU15="",GV15=""), "", IF(AND(GU$3=GU15,GV$3=GV15), 3, IF(AND(GU$3=GV$3,GU15=GV15), 2, IF(OR(AND(GU$3>GV$3,GU15>GV15), AND(GU$3<GV$3,GU15<GV15)), 1, 0)))) | GY15: CAMILO CHAVARRIA | GZ15: 3 | HA15: 0 | HB15: =IF(OR(GZ$3="",HA$3="",GZ15="",HA15=""), "", IF(AND(GZ$3=GZ15,HA$3=HA15), 3, IF(AND(GZ$3=HA$3,GZ15=HA15), 2, IF(OR(AND(GZ$3>HA$3,GZ15>HA15), AND(GZ$3<HA$3,GZ15<HA15)), 1, 0)))) | HD15: CAMILO CHAVARRIA | HE15: 2 | HF15: 2 | HG15: =IF(OR(HE$3="",HF$3="",HE15="",HF15=""), "", IF(AND(HE$3=HE15,HF$3=HF15), 3, IF(AND(HE$3=HF$3,HE15=HF15), 2, IF(OR(AND(HE$3>HF$3,HE15>HF15), AND(HE$3<HF$3,HE15<HF15)), 1, 0)))) | HI15: CAMILO CHAVARRIA | HJ15: 0 | HK15: 1 | HL15: =IF(OR(HJ$3="",HK$3="",HJ15="",HK15=""), "", IF(AND(HJ$3=HJ15,HK$3=HK15), 3, IF(AND(HJ$3=HK$3,HJ15=HK15), 2, IF(OR(AND(HJ$3>HK$3,HJ15>HK15), AND(HJ$3<HK$3,HJ15<HK15)), 1, 0)))) | HN15: CAMILO CHAVARRIA | HO15: 3 | HP15: 0 | HQ15: =IF(OR(HO$3="",HP$3="",HO15="",HP15=""), "", IF(AND(HO$3=HO15,HP$3=HP15), 3, IF(AND(HO$3=HP$3,HO15=HP15), 2, IF(OR(AND(HO$3>HP$3,HO15>HP15), AND(HO$3<HP$3,HO15<HP15)), 1, 0)))) | HS15: CAMILO CHAVARRIA | HT15: 2 | HU15: 0 | HV15: =IF(OR(HT$3="",HU$3="",HT15="",HU15=""), "", IF(AND(HT$3=HT15,HU$3=HU15), 3, IF(AND(HT$3=HU$3,HT15=HU15), 2, IF(OR(AND(HT$3>HU$3,HT15>HU15), AND(HT$3<HU$3,HT15<HU15)), 1, 0)))) | HX15: CAMILO CHAVARRIA | HY15: 1 | HZ15: 2 | IA15: =IF(OR(HY$3="",HZ$3="",HY15="",HZ15=""), "", IF(AND(HY$3=HY15,HZ$3=HZ15), 3, IF(AND(HY$3=HZ$3,HY15=HZ15), 2, IF(OR(AND(HY$3>HZ$3,HY15>HZ15), AND(HY$3<HZ$3,HY15<HZ15)), 1, 0)))) | IC15: CAMILO CHAVARRIA | ID15: 2 | IE15: 0 | IF15: =IF(OR(ID$3="",IE$3="",ID15="",IE15=""), "", IF(AND(ID$3=ID15,IE$3=IE15), 3, IF(AND(ID$3=IE$3,ID15=IE15), 2, IF(OR(AND(ID$3>IE$3,ID15>IE15), AND(ID$3<IE$3,ID15<IE15)), 1, 0)))) | IH15: CAMILO CHAVARRIA | II15: 1 | IJ15: 1 | IK15: =IF(OR(II$3="",IJ$3="",II15="",IJ15=""), "", IF(AND(II$3=II15,IJ$3=IJ15), 3, IF(AND(II$3=IJ$3,II15=IJ15), 2, IF(OR(AND(II$3>IJ$3,II15>IJ15), AND(II$3<IJ$3,II15<IJ15)), 1, 0)))) | IM15: CAMILO CHAVARRIA | IN15: 1 | IO15: 0 | IP15: =IF(OR(IN$3="",IO$3="",IN15="",IO15=""), "", IF(AND(IN$3=IN15,IO$3=IO15), 3, IF(AND(IN$3=IO$3,IN15=IO15), 2, IF(OR(AND(IN$3>IO$3,IN15>IO15), AND(IN$3<IO$3,IN15<IO15)), 1, 0)))) | IR15: CAMILO CHAVARRIA | IS15: 3 | IT15: 1 | IU15: =IF(OR(IS$3="",IT$3="",IS15="",IT15=""), "", IF(AND(IS$3=IS15,IT$3=IT15), 3, IF(AND(IS$3=IT$3,IS15=IT15), 2, IF(OR(AND(IS$3>IT$3,IS15>IT15), AND(IS$3<IT$3,IS15<IT15)), 1, 0)))) | IW15: CAMILO CHAVARRIA | IX15: 1 | IY15: 2 | IZ15: =IF(OR(IX$3="",IY$3="",IX15="",IY15=""), "", IF(AND(IX$3=IX15,IY$3=IY15), 3, IF(AND(IX$3=IY$3,IX15=IY15), 2, IF(OR(AND(IX$3>IY$3,IX15>IY15), AND(IX$3<IY$3,IX15<IY15)), 1, 0)))) | JB15: CAMILO CHAVARRIA | JC15: 0 | JD15: 1 | JE15: =IF(OR(JC$3="",JD$3="",JC15="",JD15=""), "", IF(AND(JC$3=JC15,JD$3=JD15), 3, IF(AND(JC$3=JD$3,JC15=JD15), 2, IF(OR(AND(JC$3>JD$3,JC15>JD15), AND(JC$3<JD$3,JC15<JD15)), 1, 0)))) | JG15: CAMILO CHAVARRIA | JH15: 0 | JI15: 1 | JJ15: =IF(OR(JH$3="",JI$3="",JH15="",JI15=""), "", IF(AND(JH$3=JH15,JI$3=JI15), 3, IF(AND(JH$3=JI$3,JH15=JI15), 2, IF(OR(AND(JH$3>JI$3,JH15>JI15), AND(JH$3<JI$3,JH15<JI15)), 1, 0)))) | JL15: CAMILO CHAVARRIA | JM15: 0 | JN15: 1 | JO15: =IF(OR(JM$3="",JN$3="",JM15="",JN15=""), "", IF(AND(JM$3=JM15,JN$3=JN15), 3, IF(AND(JM$3=JN$3,JM15=JN15), 2, IF(OR(AND(JM$3>JN$3,JM15>JN15), AND(JM$3<JN$3,JM15<JN15)), 1, 0)))) | JQ15: CAMILO CHAVARRIA | JR15: 2 | JS15: 2 | JT15: =IF(OR(JR$3="",JS$3="",JR15="",JS15=""), "", IF(AND(JR$3=JR15,JS$3=JS15), 3, IF(AND(JR$3=JS$3,JR15=JS15), 2, IF(OR(AND(JR$3>JS$3,JR15>JS15), AND(JR$3<JS$3,JR15<JS15)), 1, 0)))) | JV15: CAMILO CHAVARRIA | JW15: 0 | JX15: 2 | JY15: =IF(OR(JW$3="",JX$3="",JW15="",JX15=""), "", IF(AND(JW$3=JW15,JX$3=JX15), 3, IF(AND(JW$3=JX$3,JW15=JX15), 2, IF(OR(AND(JW$3>JX$3,JW15>JX15), AND(JW$3<JX$3,JW15<JX15)), 1, 0)))) | KA15: CAMILO CHAVARRIA | KB15: 1 | KC15: 0 | KD15: =IF(OR(KB$3="",KC$3="",KB15="",KC15=""), "", IF(AND(KB$3=KB15,KC$3=KC15), 3, IF(AND(KB$3=KC$3,KB15=KC15), 2, IF(OR(AND(KB$3>KC$3,KB15>KC15), AND(KB$3<KC$3,KB15<KC15)), 1, 0)))) | KF15: CAMILO CHAVARRIA | KG15: 2 | KH15: 1 | KI15: =IF(OR(KG$3="",KH$3="",KG15="",KH15=""), "", IF(AND(KG$3=KG15,KH$3=KH15), 3, IF(AND(KG$3=KH$3,KG15=KH15), 2, IF(OR(AND(KG$3>KH$3,KG15>KH15), AND(KG$3<KH$3,KG15<KH15)), 1, 0)))) | KK15: CAMILO CHAVARRIA | KL15: 1 | KM15: 0 | KN15: =IF(OR(KL$3="",KM$3="",KL15="",KM15=""), "", IF(AND(KL$3=KL15,KM$3=KM15), 3, IF(AND(KL$3=KM$3,KL15=KM15), 2, IF(OR(AND(KL$3>KM$3,KL15>KM15), AND(KL$3<KM$3,KL15<KM15)), 1, 0)))) | KP15: CAMILO CHAVARRIA | KQ15: 1 | KR15: 3 | KS15: =IF(OR(KQ$3="",KR$3="",KQ15="",KR15=""), "", IF(AND(KQ$3=KQ15,KR$3=KR15), 3, IF(AND(KQ$3=KR$3,KQ15=KR15), 2, IF(OR(AND(KQ$3>KR$3,KQ15>KR15), AND(KQ$3<KR$3,KQ15<KR15)), 1, 0)))) | KU15: CAMILO CHAVARRIA | KV15: 2 | KW15: 0 | KX15: =IF(OR(KV$3="",KW$3="",KV15="",KW15=""), "", IF(AND(KV$3=KV15,KW$3=KW15), 3, IF(AND(KV$3=KW$3,KV15=KW15), 2, IF(OR(AND(KV$3>KW$3,KV15>KW15), AND(KV$3<KW$3,KV15<KW15)), 1, 0)))) | KZ15: CAMILO CHAVARRIA | LA15: 0 | LB15: 1 | LC15: =IF(OR(LA$3="",LB$3="",LA15="",LB15=""), "", IF(AND(LA$3=LA15,LB$3=LB15), 3, IF(AND(LA$3=LB$3,LA15=LB15), 2, IF(OR(AND(LA$3>LB$3,LA15>LB15), AND(LA$3<LB$3,LA15<LB15)), 1, 0)))) | LE15: CAMILO CHAVARRIA | LF15: 1 | LG15: 2 | LH15: =IF(OR(LF$3="",LG$3="",LF15="",LG15=""), "", IF(AND(LF$3=LF15,LG$3=LG15), 3, IF(AND(LF$3=LG$3,LF15=LG15), 2, IF(OR(AND(LF$3>LG$3,LF15>LG15), AND(LF$3<LG$3,LF15<LG15)), 1, 0)))) | LJ15: CAMILO CHAVARRIA | LK15: 1 | LL15: 2 | LM15: =IF(OR(LK$3="",LL$3="",LK15="",LL15=""), "", IF(AND(LK$3=LK15,LL$3=LL15), 3, IF(AND(LK$3=LL$3,LK15=LL15), 2, IF(OR(AND(LK$3>LL$3,LK15>LL15), AND(LK$3<LL$3,LK15<LL15)), 1, 0)))) | LO15: CAMILO CHAVARRIA | LP15: 1 | LQ15: 0 | LR15: =IF(OR(LP$3="",LQ$3="",LP15="",LQ15=""), "", IF(AND(LP$3=LP15,LQ$3=LQ15), 3, IF(AND(LP$3=LQ$3,LP15=LQ15), 2, IF(OR(AND(LP$3>LQ$3,LP15>LQ15), AND(LP$3<LQ$3,LP15<LQ15)), 1, 0)))) | LT15: CAMILO CHAVARRIA | LU15: 1 | LV15: 3 | LW15: =IF(OR(LU$3="",LV$3="",LU15="",LV15=""), "", IF(AND(LU$3=LU15,LV$3=LV15), 3, IF(AND(LU$3=LV$3,LU15=LV15), 2, IF(OR(AND(LU$3>LV$3,LU15>LV15), AND(LU$3<LV$3,LU15<LV15)), 1, 0)))) | LY15: CAMILO CHAVARRIA | LZ15: 2 | MA15: 0 | MB15: =IF(OR(LZ$3="",MA$3="",LZ15="",MA15=""), "", IF(AND(LZ$3=LZ15,MA$3=MA15), 3, IF(AND(LZ$3=MA$3,LZ15=MA15), 2, IF(OR(AND(LZ$3>MA$3,LZ15>MA15), AND(LZ$3<MA$3,LZ15<MA15)), 1, 0)))) | MD15: CAMILO CHAVARRIA | ME15: 2 | MF15: 1 | MG15: =IF(OR(ME$3="",MF$3="",ME15="",MF15=""), "", IF(AND(ME$3=ME15,MF$3=MF15), 3, IF(AND(ME$3=MF$3,ME15=MF15), 2, IF(OR(AND(ME$3>MF$3,ME15>MF15), AND(ME$3<MF$3,ME15<MF15)), 1, 0)))) | MI15: CAMILO CHAVARRIA | MJ15: 0 | MK15: 1 | ML15: =IF(OR(MJ$3="",MK$3="",MJ15="",MK15=""), "", IF(AND(MJ$3=MJ15,MK$3=MK15), 3, IF(AND(MJ$3=MK$3,MJ15=MK15), 2, IF(OR(AND(MJ$3>MK$3,MJ15>MK15), AND(MJ$3<MK$3,MJ15<MK15)), 1, 0)))) | MN15: CAMILO CHAVARRIA | MO15: 0 | MP15: 1 | MQ15: =IF(OR(MO$3="",MP$3="",MO15="",MP15=""), "", IF(AND(MO$3=MO15,MP$3=MP15), 3, IF(AND(MO$3=MP$3,MO15=MP15), 2, IF(OR(AND(MO$3>MP$3,MO15>MP15), AND(MO$3<MP$3,MO15<MP15)), 1, 0)))) | MS15: CAMILO CHAVARRIA | MT15: 0 | MU15: 3 | MV15: =IF(OR(MT$3="",MU$3="",MT15="",MU15=""), "", IF(AND(MT$3=MT15,MU$3=MU15), 3, IF(AND(MT$3=MU$3,MT15=MU15), 2, IF(OR(AND(MT$3>MU$3,MT15>MU15), AND(MT$3<MU$3,MT15<MU15)), 1, 0)))) | MX15: CAMILO CHAVARRIA | MY15: ESPAÑA | NA15: FRANCIA | NC15: COLOMBIA | NE15: BRASIL | NG15: LUIS DIAZ | NI15: =SUM(E15,J15,O15,T15,Y15,AD15,AI15,AN15,AS15,AX15,BC15,BH15,BM15,BR15,,BW15,CB15,CG15,CL15,CQ15,CV15,DA15,DF15,DK15,DP15,DU15,DZ15,EE15,EJ15,EO15,ET15,EY15,FD15,FI15,FN15,FS15,FX15,GC15,GH15,GM15,GR15,GW15,HB15,HG15,HL15,HQ15,HV15,IA15,IF15,IK15,IP15,IU15,IZ15,JE15,JJ15,JO15,JT15,JY15,KD15,KI15,KN15,KS15,KX15,LC15,LH15,LM15,LR15,LW15,MB15,MG15,ML15,MQ15,MV15,MZ15,NB15,ND15,NF15,NH15,) -> 6
